id_utilisateur,nom,prenom,age,role,latitude_secteur,longitude_secteur,id_profil,titre_profession,description,experiences_annees,diplomes,hard_skills,soft_skills,langues,jobs_passes,candidatures_positives,candidatures_refusees
1,Martin,Sophie,29,candidat,48.8566,2.3522,1,Développeuse Full Stack,,5,['Master Informatique'],"['Python', 'React', 'PostgreSQL', 'Docker', 'REST API']","['Autonomie', 'Communication', 'Travail en équipe']","['Français', 'Anglais']","['Développeuse Backend - Startup EdTech', 'Ingénieure logiciel - ESN']",0,0
2,Dubois,Lucas,35,candidat,45.764,4.8357,2,Data Analyst,,10,['Master Data Science'],"['SQL', 'Power BI', 'Python', 'Excel', 'Tableau']","['Rigueur', 'Esprit analytique', 'Présentation']","['Français', 'Anglais', 'Espagnol']","['Analyste BI - Grand Groupe Retail', 'Data Analyst - Cabinet Conseil']",0,0
3,Bernard,Camille,27,candidat,43.2965,5.3698,3,Chargée de Marketing Digital,,3,"['Licence Marketing', 'Bachelor Communication']","['SEO', 'Google Ads', 'Canva', 'Mailchimp', 'Analytics']","['Créativité', 'Adaptabilité', 'Gestion de projet']","['Français', 'Anglais']","['Community Manager - Agence Web', 'Assistante Marketing - PME']",0,0
4,Leroy,Thomas,42,candidat,47.2184,-1.5536,4,Responsable Logistique,,15,"['BTS Logistique', 'Licence Pro Supply Chain']","['SAP', 'Gestion des stocks', 'Supply Chain', 'Excel', 'ERP']","['Leadership', 'Gestion du stress', 'Négociation']","['Français', 'Anglais']","['Chef de dépôt - Groupe Transport', 'Coordinateur logistique - E-commerce']",0,0
5,Moreau,Inès,31,candidat,48.5734,7.7521,5,Développeuse Mobile,,6,['Master Génie Logiciel'],"['Flutter', 'Dart', 'Swift', 'Firebase', 'Git']","['Curiosité', 'Autonomie', 'Collaboration']","['Français', 'Anglais', 'Allemand']","['Développeuse iOS - Scale-up', 'Ingénieure Mobile - Cabinet IT']",0,0
6,Dubois,Camille,42,candidat,49.28272326363695,2.419916640295005,6,Chef de Projet IT,Profil orienté tech. Je suis Chef de Projet IT passionné(e) par la data et le code.,0,"[""Diplôme d'Ingénieur""]","['Linux', 'Machine Learning', 'Pandas']","['Autonomie', 'Gestion du stress']","['Français', 'Anglais']","['Ancien Chef de Projet IT', 'Stagiaire Chef de Projet IT']",9,12
7,Dubois,Pierre,53,candidat,49.11674799369531,2.0282750326978976,7,Ingénieur DevOps,Profil orienté tech. Je suis Ingénieur DevOps passionné(e) par la data et le code.,5,['Master IA'],"['SQL', 'Machine Learning', 'Pandas']","['Leadership', 'Autonomie']","['Français', 'Anglais']","['Ancien Ingénieur DevOps', 'Stagiaire Ingénieur DevOps']",9,12
8,Moreau,Jean,56,candidat,48.84218009733973,2.4220401465524937,8,Data Scientist,Profil orienté tech. Je suis Data Scientist passionné(e) par la data et le code.,12,['Doctorat'],"['Linux', 'AWS', 'Kubernetes']","['Rigueur', 'Leadership']","['Français', 'Anglais']","['Ancien Data Scientist', 'Stagiaire Data Scientist']",0,12
9,Martin,Luc,20,candidat,48.81760409894133,2.8138243313805393,9,Administrateur Réseaux,Profil orienté tech. Je suis Administrateur Réseaux passionné(e) par la data et le code.,4,"[""Diplôme d'Ingénieur""]","['Python', 'React', 'Linux']","['Autonomie', 'Adaptabilité']","['Français', 'Anglais']","['Ancien Administrateur Réseaux', 'Stagiaire Administrateur Réseaux']",5,14
10,Moreau,Camille,34,candidat,48.507235362451254,2.2115459172787886,10,Designer UX/UI,Profil orienté tech. Je suis Designer UX/UI passionné(e) par la data et le code.,0,['Master IA'],"['React', 'Docker', 'AWS']","['Communication', 'Autonomie']","['Français', 'Anglais']","['Ancien Designer UX/UI', 'Stagiaire Designer UX/UI']",6,16
11,Martin,Emma,43,candidat,49.307369521556964,2.2638452856512776,11,Chef de Projet IT,Profil orienté tech. Je suis Chef de Projet IT passionné(e) par la data et le code.,11,['Bac+2 Informatique'],"['Docker', 'AWS', 'Pandas']","['Communication', ""Esprit d'équipe""]","['Français', 'Anglais']","['Ancien Chef de Projet IT', 'Stagiaire Chef de Projet IT']",6,18
12,Dubois,Julie,22,candidat,49.15127219193194,2.104487046936181,12,Administrateur Réseaux,Profil orienté tech. Je suis Administrateur Réseaux passionné(e) par la data et le code.,9,['Bac+2 Informatique'],"['Scikit-Learn', 'Git', 'Pandas']","['Rigueur', 'Leadership']","['Français', 'Anglais']","['Ancien Administrateur Réseaux', 'Stagiaire Administrateur Réseaux']",3,7
13,Martin,Julie,32,candidat,48.87760473425347,2.149298365703238,13,Développeur Fullstack,Profil orienté tech. Je suis Développeur Fullstack passionné(e) par la data et le code.,1,"[""Diplôme d'Ingénieur""]","['Linux', 'Git', 'Kubernetes']","[""Esprit d'équipe"", 'Autonomie']","['Français', 'Anglais']","['Ancien Développeur Fullstack', 'Stagiaire Développeur Fullstack']",7,8
14,Laurent,Paul,29,candidat,49.09548356054416,2.523397592481527,14,Designer UX/UI,Profil orienté tech. Je suis Designer UX/UI passionné(e) par la data et le code.,3,"[""Diplôme d'Ingénieur""]","['Kubernetes', 'Pandas', 'Git']","['Rigueur', 'Gestion du stress']","['Français', 'Anglais']","['Ancien Designer UX/UI', 'Stagiaire Designer UX/UI']",6,3
15,Petit,Camille,22,candidat,48.383506216192956,1.9789774047481676,15,Designer UX/UI,Profil orienté tech. Je suis Designer UX/UI passionné(e) par la data et le code.,14,['Licence Pro'],"['Python', 'Docker', 'Pandas']","['Rigueur', 'Adaptabilité']","['Français', 'Anglais']","['Ancien Designer UX/UI', 'Stagiaire Designer UX/UI']",7,18
16,Martin,Pierre,32,candidat,48.62875815721404,2.476465861938335,16,Chef de Projet IT,Profil orienté tech. Je suis Chef de Projet IT passionné(e) par la data et le code.,9,['Master IA'],"['Scikit-Learn', 'Pandas', 'Linux']","['Adaptabilité', 'Leadership']","['Français', 'Anglais']","['Ancien Chef de Projet IT', 'Stagiaire Chef de Projet IT']",5,13
17,Thomas,Luc,24,candidat,48.950026960829454,2.324305105679109,17,Chef de Projet IT,Profil orienté tech. Je suis Chef de Projet IT passionné(e) par la data et le code.,6,['Licence Pro'],"['Linux', 'React', 'Kubernetes']","[""Esprit d'équipe"", 'Gestion du stress']","['Français', 'Anglais']","['Ancien Chef de Projet IT', 'Stagiaire Chef de Projet IT']",5,8
18,Robert,Luc,55,candidat,48.749608515192946,2.594700283818799,18,Data Scientist,Profil orienté tech. Je suis Data Scientist passionné(e) par la data et le code.,8,['Doctorat'],"['Java', 'Linux', 'React']","['Leadership', 'Adaptabilité']","['Français', 'Anglais']","['Ancien Data Scientist', 'Stagiaire Data Scientist']",4,0
19,Richard,Sophie,36,candidat,48.36406622943919,2.3021962940571266,19,Data Scientist,Profil orienté tech. Je suis Data Scientist passionné(e) par la data et le code.,4,['Doctorat'],"['Python', 'Git', 'AWS']","[""Esprit d'équipe"", 'Autonomie']","['Français', 'Anglais']","['Ancien Data Scientist', 'Stagiaire Data Scientist']",2,6
20,Thomas,Sophie,57,candidat,48.65606872733291,2.7566173905141813,20,Administrateur Réseaux,Profil orienté tech. Je suis Administrateur Réseaux passionné(e) par la data et le code.,13,['Doctorat'],"['Docker', 'React', 'Git']","['Communication', 'Rigueur']","['Français', 'Anglais']","['Ancien Administrateur Réseaux', 'Stagiaire Administrateur Réseaux']",8,16
21,Bernard,Julie,25,candidat,49.308249331656306,1.9997663742655327,21,Développeur Fullstack,Profil orienté tech. Je suis Développeur Fullstack passionné(e) par la data et le code.,12,"[""Diplôme d'Ingénieur""]","['AWS', 'Docker', 'Machine Learning']","['Rigueur', 'Gestion du stress']","['Français', 'Anglais']","['Ancien Développeur Fullstack', 'Stagiaire Développeur Fullstack']",8,8
22,Laurent,Marie,32,candidat,49.25289537718389,2.7842254945766163,22,Designer UX/UI,Profil orienté tech. Je suis Designer UX/UI passionné(e) par la data et le code.,14,['Licence Pro'],"['Docker', 'Pandas', 'Scikit-Learn']","['Rigueur', 'Leadership']","['Français', 'Anglais']","['Ancien Designer UX/UI', 'Stagiaire Designer UX/UI']",3,19
23,Dubois,Luc,20,candidat,48.73297253129498,2.29716450809061,23,Ingénieur DevOps,Profil orienté tech. Je suis Ingénieur DevOps passionné(e) par la data et le code.,11,"[""Diplôme d'Ingénieur""]","['Kubernetes', 'AWS', 'Scikit-Learn']","['Gestion du stress', 'Adaptabilité']","['Français', 'Anglais']","['Ancien Ingénieur DevOps', 'Stagiaire Ingénieur DevOps']",6,15
24,Laurent,Julie,54,candidat,48.96519647106224,2.517423107241549,24,Ingénieur DevOps,Profil orienté tech. Je suis Ingénieur DevOps passionné(e) par la data et le code.,13,"[""Diplôme d'Ingénieur""]","['Python', 'Kubernetes', 'React']","['Leadership', ""Esprit d'équipe""]","['Français', 'Anglais']","['Ancien Ingénieur DevOps', 'Stagiaire Ingénieur DevOps']",2,9
25,Durand,Luc,58,candidat,48.57667567348144,2.6537693537150755,25,Data Scientist,Profil orienté tech. Je suis Data Scientist passionné(e) par la data et le code.,6,['Doctorat'],"['Linux', 'Git', 'Python']","['Leadership', 'Rigueur']","['Français', 'Anglais']","['Ancien Data Scientist', 'Stagiaire Data Scientist']",6,2
26,Laurent,Jean,35,candidat,49.16149990738529,2.570373906397247,26,Chef de Projet IT,Profil orienté tech. Je suis Chef de Projet IT passionné(e) par la data et le code.,13,['Licence Pro'],"['SQL', 'Pandas', 'Machine Learning']","['Adaptabilité', 'Communication']","['Français', 'Anglais']","['Ancien Chef de Projet IT', 'Stagiaire Chef de Projet IT']",2,11
27,Martin,Marie,46,candidat,49.238710221606325,2.1132656108079098,27,Ingénieur DevOps,Profil orienté tech. Je suis Ingénieur DevOps passionné(e) par la data et le code.,3,"[""Diplôme d'Ingénieur""]","['Linux', 'React', 'SQL']","['Adaptabilité', 'Leadership']","['Français', 'Anglais']","['Ancien Ingénieur DevOps', 'Stagiaire Ingénieur DevOps']",7,5
28,Robert,Jean,47,candidat,48.98428187723162,2.734043543320684,28,Designer UX/UI,Profil orienté tech. Je suis Designer UX/UI passionné(e) par la data et le code.,4,['Licence Pro'],"['SQL', 'React', 'Machine Learning']","['Gestion du stress', 'Communication']","['Français', 'Anglais']","['Ancien Designer UX/UI', 'Stagiaire Designer UX/UI']",3,0
29,Moreau,Luc,51,candidat,48.71956405304118,2.235559231491308,29,Expert Cybersécurité,Profil orienté tech. Je suis Expert Cybersécurité passionné(e) par la data et le code.,5,['Doctorat'],"['Docker', 'SQL', 'React']","['Leadership', 'Autonomie']","['Français', 'Anglais']","['Ancien Expert Cybersécurité', 'Stagiaire Expert Cybersécurité']",1,19
30,Martin,Sophie,22,candidat,48.50031678480791,2.702010816672872,30,Data Scientist,Profil orienté tech. Je suis Data Scientist passionné(e) par la data et le code.,14,['Bac+2 Informatique'],"['React', 'Pandas', 'Python']","[""Esprit d'équipe"", 'Autonomie']","['Français', 'Anglais']","['Ancien Data Scientist', 'Stagiaire Data Scientist']",8,3
31,Richard,Sophie,46,candidat,48.983324714352094,2.196727660300744,31,Développeur Fullstack,Profil orienté tech. Je suis Développeur Fullstack passionné(e) par la data et le code.,7,['Doctorat'],"['AWS', 'Python', 'React']","['Autonomie', 'Adaptabilité']","['Français', 'Anglais']","['Ancien Développeur Fullstack', 'Stagiaire Développeur Fullstack']",1,5
32,Moreau,Julie,37,candidat,49.24809246316578,2.6546816888990996,32,Designer UX/UI,Profil orienté tech. Je suis Designer UX/UI passionné(e) par la data et le code.,9,['Bac+2 Informatique'],"['Git', 'React', 'Python']","['Rigueur', 'Adaptabilité']","['Français', 'Anglais']","['Ancien Designer UX/UI', 'Stagiaire Designer UX/UI']",0,19
33,Dubois,Sophie,39,candidat,48.568196688220794,1.9763051848586881,33,Expert Cybersécurité,Profil orienté tech. Je suis Expert Cybersécurité passionné(e) par la data et le code.,0,['Doctorat'],"['SQL', 'Machine Learning', 'AWS']","['Rigueur', 'Leadership']","['Français', 'Anglais']","['Ancien Expert Cybersécurité', 'Stagiaire Expert Cybersécurité']",4,18
34,Moreau,Jean,48,candidat,48.47967168676289,2.6647094183230875,34,Designer UX/UI,Profil orienté tech. Je suis Designer UX/UI passionné(e) par la data et le code.,11,['Licence Pro'],"['Docker', 'Python', 'Git']","[""Esprit d'équipe"", 'Leadership']","['Français', 'Anglais']","['Ancien Designer UX/UI', 'Stagiaire Designer UX/UI']",4,1
35,Dubois,Nicolas,24,candidat,49.21532401931507,1.9869580495133163,35,Designer UX/UI,Profil orienté tech. Je suis Designer UX/UI passionné(e) par la data et le code.,14,['Doctorat'],"['SQL', 'Java', 'Python']","['Adaptabilité', 'Communication']","['Français', 'Anglais']","['Ancien Designer UX/UI', 'Stagiaire Designer UX/UI']",4,18
36,Thomas,Camille,20,candidat,49.04220119739224,2.2307962433929838,36,Chef de Projet IT,Profil orienté tech. Je suis Chef de Projet IT passionné(e) par la data et le code.,8,['Bac+2 Informatique'],"['Machine Learning', 'Kubernetes', 'Pandas']","['Adaptabilité', 'Gestion du stress']","['Français', 'Anglais']","['Ancien Chef de Projet IT', 'Stagiaire Chef de Projet IT']",0,12
37,Robert,Paul,45,candidat,48.7280749201343,2.546310179772259,37,Data Scientist,Profil orienté tech. Je suis Data Scientist passionné(e) par la data et le code.,13,['Bac+2 Informatique'],"['Python', 'Java', 'AWS']","['Leadership', 'Rigueur']","['Français', 'Anglais']","['Ancien Data Scientist', 'Stagiaire Data Scientist']",1,9
38,Durand,Pierre,59,candidat,48.831118857571994,2.433979619540259,38,Data Scientist,Profil orienté tech. Je suis Data Scientist passionné(e) par la data et le code.,1,['Licence Pro'],"['Docker', 'SQL', 'Kubernetes']","['Leadership', 'Gestion du stress']","['Français', 'Anglais']","['Ancien Data Scientist', 'Stagiaire Data Scientist']",7,16
39,Bernard,Nicolas,55,candidat,49.31009287524752,2.474813000843005,39,Expert Cybersécurité,Profil orienté tech. Je suis Expert Cybersécurité passionné(e) par la data et le code.,3,"[""Diplôme d'Ingénieur""]","['Kubernetes', 'SQL', 'Linux']","['Leadership', 'Rigueur']","['Français', 'Anglais']","['Ancien Expert Cybersécurité', 'Stagiaire Expert Cybersécurité']",4,6
40,Petit,Sophie,48,candidat,49.07626672111552,1.975360191563195,40,Chef de Projet IT,Profil orienté tech. Je suis Chef de Projet IT passionné(e) par la data et le code.,1,['Doctorat'],"['Git', 'Scikit-Learn', 'React']","[""Esprit d'équipe"", 'Leadership']","['Français', 'Anglais']","['Ancien Chef de Projet IT', 'Stagiaire Chef de Projet IT']",1,1
41,Richard,Emma,43,candidat,48.64760700024716,2.444916436722224,41,Ingénieur DevOps,Profil orienté tech. Je suis Ingénieur DevOps passionné(e) par la data et le code.,3,"[""Diplôme d'Ingénieur""]","['Git', 'Scikit-Learn', 'SQL']","['Gestion du stress', 'Communication']","['Français', 'Anglais']","['Ancien Ingénieur DevOps', 'Stagiaire Ingénieur DevOps']",8,0
42,Dubois,Emma,44,candidat,48.59808531881231,2.7317174212381574,42,Ingénieur DevOps,Profil orienté tech. Je suis Ingénieur DevOps passionné(e) par la data et le code.,6,['Master IA'],"['Java', 'Pandas', 'React']","['Leadership', ""Esprit d'équipe""]","['Français', 'Anglais']","['Ancien Ingénieur DevOps', 'Stagiaire Ingénieur DevOps']",6,16
43,Martin,Paul,48,candidat,49.00405698163941,2.695760301296145,43,Designer UX/UI,Profil orienté tech. Je suis Designer UX/UI passionné(e) par la data et le code.,0,['Master IA'],"['Scikit-Learn', 'Java', 'AWS']","['Communication', 'Leadership']","['Français', 'Anglais']","['Ancien Designer UX/UI', 'Stagiaire Designer UX/UI']",8,8
44,Martin,Sophie,53,candidat,49.0980710488272,2.345915920749139,44,Développeur Fullstack,Profil orienté tech. Je suis Développeur Fullstack passionné(e) par la data et le code.,12,['Bac+2 Informatique'],"['Machine Learning', 'Linux', 'Python']","['Communication', 'Autonomie']","['Français', 'Anglais']","['Ancien Développeur Fullstack', 'Stagiaire Développeur Fullstack']",0,3
45,Moreau,Sophie,53,candidat,48.799828356041324,2.57355757929734,45,Expert Cybersécurité,Profil orienté tech. Je suis Expert Cybersécurité passionné(e) par la data et le code.,1,['Licence Pro'],"['Git', 'Pandas', 'Docker']","['Adaptabilité', 'Autonomie']","['Français', 'Anglais']","['Ancien Expert Cybersécurité', 'Stagiaire Expert Cybersécurité']",0,10
46,Petit,Julie,57,candidat,48.78557021890546,2.598766049987419,46,Administrateur Réseaux,Profil orienté tech. Je suis Administrateur Réseaux passionné(e) par la data et le code.,13,"[""Diplôme d'Ingénieur""]","['Java', 'Linux', 'React']","['Communication', 'Adaptabilité']","['Français', 'Anglais']","['Ancien Administrateur Réseaux', 'Stagiaire Administrateur Réseaux']",1,7
47,Petit,Paul,58,candidat,49.289233566336804,1.8732397151661404,47,Chef de Projet IT,Profil orienté tech. Je suis Chef de Projet IT passionné(e) par la data et le code.,9,['Bac+2 Informatique'],"['Python', 'Java', 'AWS']","['Autonomie', 'Adaptabilité']","['Français', 'Anglais']","['Ancien Chef de Projet IT', 'Stagiaire Chef de Projet IT']",0,9
48,Petit,Marie,36,candidat,49.18717713770151,2.161658033077628,48,Administrateur Réseaux,Profil orienté tech. Je suis Administrateur Réseaux passionné(e) par la data et le code.,6,['Bac+2 Informatique'],"['React', 'Scikit-Learn', 'AWS']","['Leadership', 'Autonomie']","['Français', 'Anglais']","['Ancien Administrateur Réseaux', 'Stagiaire Administrateur Réseaux']",4,15
49,Richard,Nicolas,44,candidat,49.006737444178505,2.3398879641048804,49,Développeur Fullstack,Profil orienté tech. Je suis Développeur Fullstack passionné(e) par la data et le code.,1,['Doctorat'],"['AWS', 'Scikit-Learn', 'SQL']","[""Esprit d'équipe"", 'Autonomie']","['Français', 'Anglais']","['Ancien Développeur Fullstack', 'Stagiaire Développeur Fullstack']",5,12
50,Laurent,Pierre,59,candidat,49.251033885598765,2.32780284280424,50,Administrateur Réseaux,Profil orienté tech. Je suis Administrateur Réseaux passionné(e) par la data et le code.,3,"[""Diplôme d'Ingénieur""]","['Scikit-Learn', 'Java', 'SQL']","['Autonomie', 'Communication']","['Français', 'Anglais']","['Ancien Administrateur Réseaux', 'Stagiaire Administrateur Réseaux']",1,2
51,Laurent,Marie,41,candidat,49.09594188131931,2.6092255249359986,51,Designer UX/UI,Profil orienté tech. Je suis Designer UX/UI passionné(e) par la data et le code.,13,['Licence Pro'],"['Linux', 'SQL', 'Scikit-Learn']","['Communication', 'Rigueur']","['Français', 'Anglais']","['Ancien Designer UX/UI', 'Stagiaire Designer UX/UI']",2,18
52,Moreau,Julie,57,candidat,49.247771586034446,2.530265168800252,52,Ingénieur DevOps,Profil orienté tech. Je suis Ingénieur DevOps passionné(e) par la data et le code.,0,['Bac+2 Informatique'],"['Python', 'Git', 'AWS']","['Gestion du stress', ""Esprit d'équipe""]","['Français', 'Anglais']","['Ancien Ingénieur DevOps', 'Stagiaire Ingénieur DevOps']",4,1
53,Laurent,Jean,53,candidat,48.691230083438136,2.798372845347086,53,Data Scientist,Profil orienté tech. Je suis Data Scientist passionné(e) par la data et le code.,1,['Licence Pro'],"['AWS', 'Machine Learning', 'Java']","['Leadership', 'Communication']","['Français', 'Anglais']","['Ancien Data Scientist', 'Stagiaire Data Scientist']",0,2
54,Moreau,Marie,29,candidat,49.022416160407225,2.1698938361147704,54,Développeur Fullstack,Profil orienté tech. Je suis Développeur Fullstack passionné(e) par la data et le code.,7,"[""Diplôme d'Ingénieur""]","['Pandas', 'Docker', 'Python']","['Gestion du stress', 'Leadership']","['Français', 'Anglais']","['Ancien Développeur Fullstack', 'Stagiaire Développeur Fullstack']",5,8
55,Robert,Nicolas,49,candidat,49.30185338097624,2.2796189578229544,55,Designer UX/UI,Profil orienté tech. Je suis Designer UX/UI passionné(e) par la data et le code.,6,['Licence Pro'],"['Scikit-Learn', 'AWS', 'Docker']","['Adaptabilité', 'Autonomie']","['Français', 'Anglais']","['Ancien Designer UX/UI', 'Stagiaire Designer UX/UI']",3,10
56,Moreau,Emma,25,candidat,48.4483900950207,1.9136249924763291,56,Chef de Projet IT,Profil orienté tech. Je suis Chef de Projet IT passionné(e) par la data et le code.,9,['Licence Pro'],"['Python', 'Pandas', 'Linux']","['Adaptabilité', 'Rigueur']","['Français', 'Anglais']","['Ancien Chef de Projet IT', 'Stagiaire Chef de Projet IT']",5,17
57,Richard,Marie,46,candidat,48.824138441176494,2.1347611281724435,57,Ingénieur DevOps,Profil orienté tech. Je suis Ingénieur DevOps passionné(e) par la data et le code.,13,"[""Diplôme d'Ingénieur""]","['SQL', 'Python', 'Docker']","['Leadership', 'Communication']","['Français', 'Anglais']","['Ancien Ingénieur DevOps', 'Stagiaire Ingénieur DevOps']",8,3
58,Martin,Nicolas,42,candidat,48.88200003088964,2.5137291024362702,58,Chef de Projet IT,Profil orienté tech. Je suis Chef de Projet IT passionné(e) par la data et le code.,9,['Bac+2 Informatique'],"['Java', 'Docker', 'Kubernetes']","[""Esprit d'équipe"", 'Adaptabilité']","['Français', 'Anglais']","['Ancien Chef de Projet IT', 'Stagiaire Chef de Projet IT']",4,10
59,Robert,Jean,34,candidat,49.061538439932,2.4335758371714107,59,Développeur Fullstack,Profil orienté tech. Je suis Développeur Fullstack passionné(e) par la data et le code.,11,['Licence Pro'],"['Kubernetes', 'Pandas', 'Python']","['Rigueur', ""Esprit d'équipe""]","['Français', 'Anglais']","['Ancien Développeur Fullstack', 'Stagiaire Développeur Fullstack']",3,19
60,Petit,Nicolas,34,candidat,48.810173384647406,2.584444230597207,60,Designer UX/UI,Profil orienté tech. Je suis Designer UX/UI passionné(e) par la data et le code.,0,['Doctorat'],"['React', 'Docker', 'SQL']","['Adaptabilité', 'Communication']","['Français', 'Anglais']","['Ancien Designer UX/UI', 'Stagiaire Designer UX/UI']",4,17
61,Thomas,Julie,50,candidat,48.8772071697446,2.643116696542461,61,Expert Cybersécurité,Profil orienté tech. Je suis Expert Cybersécurité passionné(e) par la data et le code.,4,"[""Diplôme d'Ingénieur""]","['Scikit-Learn', 'AWS', 'Python']","['Gestion du stress', 'Leadership']","['Français', 'Anglais']","['Ancien Expert Cybersécurité', 'Stagiaire Expert Cybersécurité']",8,17
62,Petit,Pierre,42,candidat,48.47085268470926,2.4241672087979347,62,Expert Cybersécurité,Profil orienté tech. Je suis Expert Cybersécurité passionné(e) par la data et le code.,1,"[""Diplôme d'Ingénieur""]","['SQL', 'Pandas', 'Linux']","['Communication', 'Gestion du stress']","['Français', 'Anglais']","['Ancien Expert Cybersécurité', 'Stagiaire Expert Cybersécurité']",7,10
63,Martin,Luc,32,candidat,49.167844111528105,2.3096304783199324,63,Chef de Projet IT,Profil orienté tech. Je suis Chef de Projet IT passionné(e) par la data et le code.,2,['Bac+2 Informatique'],"['Git', 'Docker', 'Scikit-Learn']","['Rigueur', 'Autonomie']","['Français', 'Anglais']","['Ancien Chef de Projet IT', 'Stagiaire Chef de Projet IT']",9,8
64,Robert,Marie,55,candidat,49.21807206908629,2.522267981595423,64,Data Scientist,Profil orienté tech. Je suis Data Scientist passionné(e) par la data et le code.,2,['Master IA'],"['Docker', 'Python', 'Java']","['Rigueur', 'Communication']","['Français', 'Anglais']","['Ancien Data Scientist', 'Stagiaire Data Scientist']",7,12
65,Laurent,Pierre,56,candidat,48.47587566918985,2.3475365925270815,65,Ingénieur DevOps,Profil orienté tech. Je suis Ingénieur DevOps passionné(e) par la data et le code.,4,['Licence Pro'],"['Docker', 'AWS', 'Kubernetes']","['Leadership', ""Esprit d'équipe""]","['Français', 'Anglais']","['Ancien Ingénieur DevOps', 'Stagiaire Ingénieur DevOps']",3,10
66,Richard,Nicolas,22,candidat,48.42668672199319,2.7713619023007086,66,Data Scientist,Profil orienté tech. Je suis Data Scientist passionné(e) par la data et le code.,0,"[""Diplôme d'Ingénieur""]","['Linux', 'AWS', 'Java']","['Communication', 'Adaptabilité']","['Français', 'Anglais']","['Ancien Data Scientist', 'Stagiaire Data Scientist']",0,12
67,Thomas,Luc,36,candidat,48.51712404305479,2.582176936433531,67,Ingénieur DevOps,Profil orienté tech. Je suis Ingénieur DevOps passionné(e) par la data et le code.,7,"[""Diplôme d'Ingénieur""]","['Python', 'Machine Learning', 'Git']","[""Esprit d'équipe"", 'Gestion du stress']","['Français', 'Anglais']","['Ancien Ingénieur DevOps', 'Stagiaire Ingénieur DevOps']",4,17
68,Laurent,Luc,22,candidat,48.46181109828968,2.656600963006426,68,Data Scientist,Profil orienté tech. Je suis Data Scientist passionné(e) par la data et le code.,1,['Bac+2 Informatique'],"['Linux', 'React', 'Python']","['Autonomie', 'Gestion du stress']","['Français', 'Anglais']","['Ancien Data Scientist', 'Stagiaire Data Scientist']",0,12
69,Durand,Camille,23,candidat,49.05879849016167,2.0329562696323613,69,Expert Cybersécurité,Profil orienté tech. Je suis Expert Cybersécurité passionné(e) par la data et le code.,14,['Master IA'],"['Linux', 'Pandas', 'Git']","[""Esprit d'équipe"", 'Autonomie']","['Français', 'Anglais']","['Ancien Expert Cybersécurité', 'Stagiaire Expert Cybersécurité']",7,1
70,Durand,Julie,43,candidat,48.6378235630883,2.4346328656514085,70,Administrateur Réseaux,Profil orienté tech. Je suis Administrateur Réseaux passionné(e) par la data et le code.,6,['Master IA'],"['Machine Learning', 'Scikit-Learn', 'Kubernetes']","['Gestion du stress', ""Esprit d'équipe""]","['Français', 'Anglais']","['Ancien Administrateur Réseaux', 'Stagiaire Administrateur Réseaux']",2,13
71,Bernard,Pierre,39,candidat,48.619153273923,2.2528560989845126,71,Designer UX/UI,Profil orienté tech. Je suis Designer UX/UI passionné(e) par la data et le code.,12,['Licence Pro'],"['Pandas', 'Docker', 'Git']","['Leadership', 'Adaptabilité']","['Français', 'Anglais']","['Ancien Designer UX/UI', 'Stagiaire Designer UX/UI']",2,2
72,Thomas,Camille,48,candidat,49.201221439705996,2.0897822290727595,72,Chef de Projet IT,Profil orienté tech. Je suis Chef de Projet IT passionné(e) par la data et le code.,0,['Master IA'],"['Docker', 'Scikit-Learn', 'Linux']","[""Esprit d'équipe"", 'Autonomie']","['Français', 'Anglais']","['Ancien Chef de Projet IT', 'Stagiaire Chef de Projet IT']",0,9
73,Petit,Camille,31,candidat,49.18276953264312,2.175340623112743,73,Développeur Fullstack,Profil orienté tech. Je suis Développeur Fullstack passionné(e) par la data et le code.,3,['Bac+2 Informatique'],"['Kubernetes', 'Java', 'AWS']","['Communication', 'Adaptabilité']","['Français', 'Anglais']","['Ancien Développeur Fullstack', 'Stagiaire Développeur Fullstack']",0,4
74,Richard,Nicolas,41,candidat,48.382396056611015,2.171680401720999,74,Expert Cybersécurité,Profil orienté tech. Je suis Expert Cybersécurité passionné(e) par la data et le code.,1,['Licence Pro'],"['Machine Learning', 'Pandas', 'React']","['Communication', 'Autonomie']","['Français', 'Anglais']","['Ancien Expert Cybersécurité', 'Stagiaire Expert Cybersécurité']",4,2
75,Bernard,Emma,27,candidat,48.96878664024936,2.351558869701348,75,Data Scientist,Profil orienté tech. Je suis Data Scientist passionné(e) par la data et le code.,5,['Licence Pro'],"['Machine Learning', 'Java', 'Python']","['Rigueur', 'Adaptabilité']","['Français', 'Anglais']","['Ancien Data Scientist', 'Stagiaire Data Scientist']",0,17
76,Richard,Camille,34,candidat,48.70249276412875,2.089556588255296,76,Designer UX/UI,Profil orienté tech. Je suis Designer UX/UI passionné(e) par la data et le code.,2,['Doctorat'],"['AWS', 'Machine Learning', 'Linux']","['Autonomie', 'Adaptabilité']","['Français', 'Anglais']","['Ancien Designer UX/UI', 'Stagiaire Designer UX/UI']",4,6
77,Robert,Nicolas,50,candidat,48.918209989126254,1.8895538760425408,77,Ingénieur DevOps,Profil orienté tech. Je suis Ingénieur DevOps passionné(e) par la data et le code.,12,['Bac+2 Informatique'],"['Kubernetes', 'SQL', 'Java']","['Adaptabilité', ""Esprit d'équipe""]","['Français', 'Anglais']","['Ancien Ingénieur DevOps', 'Stagiaire Ingénieur DevOps']",4,4
78,Petit,Julie,45,candidat,49.058639855961125,1.9362929355464917,78,Expert Cybersécurité,Profil orienté tech. Je suis Expert Cybersécurité passionné(e) par la data et le code.,2,"[""Diplôme d'Ingénieur""]","['React', 'Java', 'AWS']","['Adaptabilité', 'Communication']","['Français', 'Anglais']","['Ancien Expert Cybersécurité', 'Stagiaire Expert Cybersécurité']",4,2
79,Moreau,Luc,34,candidat,48.4471420306425,1.9769092868155471,79,Chef de Projet IT,Profil orienté tech. Je suis Chef de Projet IT passionné(e) par la data et le code.,1,"[""Diplôme d'Ingénieur""]","['Kubernetes', 'Java', 'Scikit-Learn']","['Adaptabilité', 'Rigueur']","['Français', 'Anglais']","['Ancien Chef de Projet IT', 'Stagiaire Chef de Projet IT']",6,17
80,Richard,Marie,47,candidat,48.52596309581493,2.7478536722515714,80,Data Scientist,Profil orienté tech. Je suis Data Scientist passionné(e) par la data et le code.,8,['Bac+2 Informatique'],"['Git', 'Docker', 'Machine Learning']","['Gestion du stress', 'Adaptabilité']","['Français', 'Anglais']","['Ancien Data Scientist', 'Stagiaire Data Scientist']",9,19
81,Moreau,Camille,58,candidat,48.56410106247651,2.1066884495562226,81,Data Scientist,Profil orienté tech. Je suis Data Scientist passionné(e) par la data et le code.,9,['Doctorat'],"['Docker', 'React', 'Python']","['Rigueur', 'Adaptabilité']","['Français', 'Anglais']","['Ancien Data Scientist', 'Stagiaire Data Scientist']",6,1
82,Petit,Marie,28,candidat,48.40062607154891,2.058725343460962,82,Ingénieur DevOps,Profil orienté tech. Je suis Ingénieur DevOps passionné(e) par la data et le code.,13,['Doctorat'],"['Git', 'Pandas', 'AWS']","['Leadership', 'Communication']","['Français', 'Anglais']","['Ancien Ingénieur DevOps', 'Stagiaire Ingénieur DevOps']",1,2
83,Bernard,Emma,23,candidat,49.34322926118883,2.5577684615658374,83,Administrateur Réseaux,Profil orienté tech. Je suis Administrateur Réseaux passionné(e) par la data et le code.,8,"[""Diplôme d'Ingénieur""]","['Scikit-Learn', 'Kubernetes', 'Git']","['Gestion du stress', 'Communication']","['Français', 'Anglais']","['Ancien Administrateur Réseaux', 'Stagiaire Administrateur Réseaux']",1,18
84,Petit,Jean,26,candidat,48.58777691146631,2.0728152181874693,84,Chef de Projet IT,Profil orienté tech. Je suis Chef de Projet IT passionné(e) par la data et le code.,1,['Master IA'],"['Pandas', 'Linux', 'Scikit-Learn']","[""Esprit d'équipe"", 'Leadership']","['Français', 'Anglais']","['Ancien Chef de Projet IT', 'Stagiaire Chef de Projet IT']",0,9
85,Martin,Julie,47,candidat,48.99259708068051,2.6307243656882973,85,Développeur Fullstack,Profil orienté tech. Je suis Développeur Fullstack passionné(e) par la data et le code.,12,['Doctorat'],"['AWS', 'Machine Learning', 'Docker']","['Autonomie', 'Leadership']","['Français', 'Anglais']","['Ancien Développeur Fullstack', 'Stagiaire Développeur Fullstack']",2,3
86,Bernard,Nicolas,24,candidat,48.907585219289466,2.52738642011023,86,Administrateur Réseaux,Profil orienté tech. Je suis Administrateur Réseaux passionné(e) par la data et le code.,10,['Master IA'],"['Kubernetes', 'Docker', 'AWS']","['Communication', 'Autonomie']","['Français', 'Anglais']","['Ancien Administrateur Réseaux', 'Stagiaire Administrateur Réseaux']",5,5
87,Martin,Luc,34,candidat,48.7761684976683,1.9467070579549948,87,Administrateur Réseaux,Profil orienté tech. Je suis Administrateur Réseaux passionné(e) par la data et le code.,7,['Bac+2 Informatique'],"['Linux', 'SQL', 'React']","['Leadership', 'Adaptabilité']","['Français', 'Anglais']","['Ancien Administrateur Réseaux', 'Stagiaire Administrateur Réseaux']",4,15
88,Bernard,Julie,41,candidat,49.296390913795655,2.3154108069581696,88,Expert Cybersécurité,Profil orienté tech. Je suis Expert Cybersécurité passionné(e) par la data et le code.,14,['Doctorat'],"['Pandas', 'Machine Learning', 'Docker']","['Gestion du stress', 'Communication']","['Français', 'Anglais']","['Ancien Expert Cybersécurité', 'Stagiaire Expert Cybersécurité']",3,8
89,Martin,Camille,51,candidat,48.57463519387027,2.693811543048427,89,Ingénieur DevOps,Profil orienté tech. Je suis Ingénieur DevOps passionné(e) par la data et le code.,13,['Doctorat'],"['Kubernetes', 'Machine Learning', 'Scikit-Learn']","['Autonomie', 'Rigueur']","['Français', 'Anglais']","['Ancien Ingénieur DevOps', 'Stagiaire Ingénieur DevOps']",6,7
90,Robert,Emma,42,candidat,48.49330089447398,1.8621879991341994,90,Ingénieur DevOps,Profil orienté tech. Je suis Ingénieur DevOps passionné(e) par la data et le code.,4,"[""Diplôme d'Ingénieur""]","['Pandas', 'Java', 'Machine Learning']","['Adaptabilité', ""Esprit d'équipe""]","['Français', 'Anglais']","['Ancien Ingénieur DevOps', 'Stagiaire Ingénieur DevOps']",6,7
91,Dubois,Marie,45,candidat,48.92206399423352,1.9741574508912094,91,Data Scientist,Profil orienté tech. Je suis Data Scientist passionné(e) par la data et le code.,9,['Licence Pro'],"['Kubernetes', 'Python', 'Linux']","['Communication', 'Rigueur']","['Français', 'Anglais']","['Ancien Data Scientist', 'Stagiaire Data Scientist']",4,8
92,Bernard,Luc,42,candidat,48.901167245418215,1.9477782401994208,92,Expert Cybersécurité,Profil orienté tech. Je suis Expert Cybersécurité passionné(e) par la data et le code.,10,"[""Diplôme d'Ingénieur""]","['AWS', 'Scikit-Learn', 'Python']","['Autonomie', 'Gestion du stress']","['Français', 'Anglais']","['Ancien Expert Cybersécurité', 'Stagiaire Expert Cybersécurité']",0,4
93,Petit,Sophie,57,candidat,48.786116221591676,2.56408735468749,93,Chef de Projet IT,Profil orienté tech. Je suis Chef de Projet IT passionné(e) par la data et le code.,1,['Licence Pro'],"['Pandas', 'Python', 'Linux']","['Communication', 'Rigueur']","['Français', 'Anglais']","['Ancien Chef de Projet IT', 'Stagiaire Chef de Projet IT']",9,7
94,Thomas,Julie,42,candidat,49.0663059933966,2.696938791631548,94,Expert Cybersécurité,Profil orienté tech. Je suis Expert Cybersécurité passionné(e) par la data et le code.,12,"[""Diplôme d'Ingénieur""]","['Linux', 'Git', 'SQL']","['Autonomie', 'Rigueur']","['Français', 'Anglais']","['Ancien Expert Cybersécurité', 'Stagiaire Expert Cybersécurité']",8,3
95,Laurent,Pierre,34,candidat,49.25523665933536,2.7023683630671935,95,Ingénieur DevOps,Profil orienté tech. Je suis Ingénieur DevOps passionné(e) par la data et le code.,1,"[""Diplôme d'Ingénieur""]","['Kubernetes', 'Machine Learning', 'Pandas']","['Autonomie', 'Communication']","['Français', 'Anglais']","['Ancien Ingénieur DevOps', 'Stagiaire Ingénieur DevOps']",5,8
96,Martin,Luc,58,candidat,48.67727655382479,2.5011199258603876,96,Développeur Fullstack,Profil orienté tech. Je suis Développeur Fullstack passionné(e) par la data et le code.,5,['Bac+2 Informatique'],"['Kubernetes', 'React', 'Python']","['Leadership', 'Rigueur']","['Français', 'Anglais']","['Ancien Développeur Fullstack', 'Stagiaire Développeur Fullstack']",4,15
97,Durand,Julie,58,candidat,48.67030786196884,2.240516341792339,97,Expert Cybersécurité,Profil orienté tech. Je suis Expert Cybersécurité passionné(e) par la data et le code.,1,['Licence Pro'],"['Python', 'Java', 'AWS']","['Autonomie', ""Esprit d'équipe""]","['Français', 'Anglais']","['Ancien Expert Cybersécurité', 'Stagiaire Expert Cybersécurité']",4,19
98,Martin,Marie,51,candidat,49.17083329624946,2.1365152713766995,98,Développeur Fullstack,Profil orienté tech. Je suis Développeur Fullstack passionné(e) par la data et le code.,11,"[""Diplôme d'Ingénieur""]","['Kubernetes', 'SQL', 'Pandas']","['Autonomie', 'Communication']","['Français', 'Anglais']","['Ancien Développeur Fullstack', 'Stagiaire Développeur Fullstack']",2,16
99,Petit,Camille,38,candidat,48.900910182133224,2.536004548568052,99,Designer UX/UI,Profil orienté tech. Je suis Designer UX/UI passionné(e) par la data et le code.,4,['Bac+2 Informatique'],"['React', 'Java', 'Python']","['Communication', 'Rigueur']","['Français', 'Anglais']","['Ancien Designer UX/UI', 'Stagiaire Designer UX/UI']",4,0
100,Martin,Camille,38,candidat,49.0821843133097,2.189800244201008,100,Data Scientist,Profil orienté tech. Je suis Data Scientist passionné(e) par la data et le code.,0,['Doctorat'],"['SQL', 'Docker', 'Linux']","['Adaptabilité', 'Rigueur']","['Français', 'Anglais']","['Ancien Data Scientist', 'Stagiaire Data Scientist']",4,10
101,Martin,Paul,20,candidat,49.09750358606198,2.265766278644207,101,Designer UX/UI,Profil orienté tech. Je suis Designer UX/UI passionné(e) par la data et le code.,1,['Licence Pro'],"['Java', 'Docker', 'AWS']","[""Esprit d'équipe"", 'Leadership']","['Français', 'Anglais']","['Ancien Designer UX/UI', 'Stagiaire Designer UX/UI']",0,10
102,Robert,Luc,57,candidat,48.509936078552556,2.7600079532255313,102,Ingénieur DevOps,Profil orienté tech. Je suis Ingénieur DevOps passionné(e) par la data et le code.,6,['Master IA'],"['Kubernetes', 'Java', 'Pandas']","['Rigueur', 'Communication']","['Français', 'Anglais']","['Ancien Ingénieur DevOps', 'Stagiaire Ingénieur DevOps']",8,8
103,Martin,Camille,56,candidat,49.018343462151634,1.92427082362327,103,Ingénieur DevOps,Profil orienté tech. Je suis Ingénieur DevOps passionné(e) par la data et le code.,8,['Licence Pro'],"['AWS', 'Java', 'Pandas']","[""Esprit d'équipe"", 'Adaptabilité']","['Français', 'Anglais']","['Ancien Ingénieur DevOps', 'Stagiaire Ingénieur DevOps']",3,13
104,Martin,Emma,33,candidat,48.87599922553028,2.7436057471597666,104,Administrateur Réseaux,Profil orienté tech. Je suis Administrateur Réseaux passionné(e) par la data et le code.,13,"[""Diplôme d'Ingénieur""]","['Kubernetes', 'Machine Learning', 'Python']","['Leadership', ""Esprit d'équipe""]","['Français', 'Anglais']","['Ancien Administrateur Réseaux', 'Stagiaire Administrateur Réseaux']",7,15
105,Bernard,Pierre,51,candidat,49.077608148446714,2.615521499704885,105,Chef de Projet IT,Profil orienté tech. Je suis Chef de Projet IT passionné(e) par la data et le code.,8,['Doctorat'],"['React', 'SQL', 'Scikit-Learn']","['Leadership', 'Rigueur']","['Français', 'Anglais']","['Ancien Chef de Projet IT', 'Stagiaire Chef de Projet IT']",5,4
106,Thomas,Pierre,21,candidat,49.12574839022248,2.495098413122901,106,Chef de Projet IT,Profil orienté tech. Je suis Chef de Projet IT passionné(e) par la data et le code.,3,['Doctorat'],"['Git', 'Scikit-Learn', 'AWS']","[""Esprit d'équipe"", 'Rigueur']","['Français', 'Anglais']","['Ancien Chef de Projet IT', 'Stagiaire Chef de Projet IT']",0,9
107,Dubois,Pierre,45,candidat,48.75749564604373,2.0428317072231215,107,Data Scientist,Profil orienté tech. Je suis Data Scientist passionné(e) par la data et le code.,1,['Doctorat'],"['Machine Learning', 'Kubernetes', 'React']","[""Esprit d'équipe"", 'Rigueur']","['Français', 'Anglais']","['Ancien Data Scientist', 'Stagiaire Data Scientist']",0,14
108,Moreau,Nicolas,40,candidat,48.437529687464476,2.4603101177792714,108,Expert Cybersécurité,Profil orienté tech. Je suis Expert Cybersécurité passionné(e) par la data et le code.,0,['Master IA'],"['Scikit-Learn', 'Linux', 'Machine Learning']","['Adaptabilité', 'Leadership']","['Français', 'Anglais']","['Ancien Expert Cybersécurité', 'Stagiaire Expert Cybersécurité']",4,15
109,Robert,Marie,31,candidat,49.06570016739861,2.5370458701185656,109,Data Scientist,Profil orienté tech. Je suis Data Scientist passionné(e) par la data et le code.,4,['Master IA'],"['Python', 'Linux', 'Scikit-Learn']","[""Esprit d'équipe"", 'Adaptabilité']","['Français', 'Anglais']","['Ancien Data Scientist', 'Stagiaire Data Scientist']",9,15
110,Dubois,Sophie,29,candidat,49.262054687524106,1.9495164260799571,110,Développeur Fullstack,Profil orienté tech. Je suis Développeur Fullstack passionné(e) par la data et le code.,14,['Doctorat'],"['Linux', 'Machine Learning', 'Python']","['Leadership', 'Autonomie']","['Français', 'Anglais']","['Ancien Développeur Fullstack', 'Stagiaire Développeur Fullstack']",4,3
111,Martin,Pierre,38,candidat,48.3948710516315,2.4407777866729266,111,Chef de Projet IT,Profil orienté tech. Je suis Chef de Projet IT passionné(e) par la data et le code.,8,['Master IA'],"['Machine Learning', 'Docker', 'React']","['Adaptabilité', ""Esprit d'équipe""]","['Français', 'Anglais']","['Ancien Chef de Projet IT', 'Stagiaire Chef de Projet IT']",8,13
112,Richard,Nicolas,38,candidat,49.18232691659595,2.102772770473706,112,Ingénieur DevOps,Profil orienté tech. Je suis Ingénieur DevOps passionné(e) par la data et le code.,13,['Doctorat'],"['Java', 'Git', 'Docker']","['Autonomie', 'Rigueur']","['Français', 'Anglais']","['Ancien Ingénieur DevOps', 'Stagiaire Ingénieur DevOps']",9,5
113,Robert,Emma,32,candidat,49.14611885511988,2.15812074471003,113,Administrateur Réseaux,Profil orienté tech. Je suis Administrateur Réseaux passionné(e) par la data et le code.,11,['Bac+2 Informatique'],"['SQL', 'Scikit-Learn', 'Python']","['Rigueur', 'Communication']","['Français', 'Anglais']","['Ancien Administrateur Réseaux', 'Stagiaire Administrateur Réseaux']",5,15
114,Martin,Jean,26,candidat,49.086798152239545,1.9387289722352428,114,Développeur Fullstack,Profil orienté tech. Je suis Développeur Fullstack passionné(e) par la data et le code.,5,['Doctorat'],"['Scikit-Learn', 'Docker', 'Git']","['Gestion du stress', 'Communication']","['Français', 'Anglais']","['Ancien Développeur Fullstack', 'Stagiaire Développeur Fullstack']",7,10
115,Bernard,Paul,57,candidat,49.33170131845429,2.426439362516332,115,Développeur Fullstack,Profil orienté tech. Je suis Développeur Fullstack passionné(e) par la data et le code.,11,['Doctorat'],"['Python', 'React', 'AWS']","['Autonomie', ""Esprit d'équipe""]","['Français', 'Anglais']","['Ancien Développeur Fullstack', 'Stagiaire Développeur Fullstack']",7,13
116,Martin,Jean,59,candidat,48.373091920669765,2.157865921828724,116,Ingénieur DevOps,Profil orienté tech. Je suis Ingénieur DevOps passionné(e) par la data et le code.,5,['Licence Pro'],"['SQL', 'Pandas', 'Kubernetes']","['Autonomie', 'Gestion du stress']","['Français', 'Anglais']","['Ancien Ingénieur DevOps', 'Stagiaire Ingénieur DevOps']",5,14
117,Laurent,Emma,35,candidat,48.610871038669764,2.251534782989909,117,Ingénieur DevOps,Profil orienté tech. Je suis Ingénieur DevOps passionné(e) par la data et le code.,7,"[""Diplôme d'Ingénieur""]","['Docker', 'SQL', 'Pandas']","['Communication', 'Rigueur']","['Français', 'Anglais']","['Ancien Ingénieur DevOps', 'Stagiaire Ingénieur DevOps']",1,17
118,Martin,Luc,56,candidat,49.15357488785204,2.1567685777644576,118,Designer UX/UI,Profil orienté tech. Je suis Designer UX/UI passionné(e) par la data et le code.,3,['Bac+2 Informatique'],"['Java', 'Scikit-Learn', 'AWS']","['Rigueur', 'Gestion du stress']","['Français', 'Anglais']","['Ancien Designer UX/UI', 'Stagiaire Designer UX/UI']",9,11
119,Dubois,Emma,58,candidat,48.86666629734222,1.9610850764398382,119,Ingénieur DevOps,Profil orienté tech. Je suis Ingénieur DevOps passionné(e) par la data et le code.,2,['Bac+2 Informatique'],"['React', 'Python', 'Machine Learning']","['Gestion du stress', 'Adaptabilité']","['Français', 'Anglais']","['Ancien Ingénieur DevOps', 'Stagiaire Ingénieur DevOps']",6,0
120,Durand,Julie,23,candidat,48.62400164658391,2.3451007604393985,120,Chef de Projet IT,Profil orienté tech. Je suis Chef de Projet IT passionné(e) par la data et le code.,13,['Bac+2 Informatique'],"['Scikit-Learn', 'Python', 'React']","['Communication', 'Gestion du stress']","['Français', 'Anglais']","['Ancien Chef de Projet IT', 'Stagiaire Chef de Projet IT']",1,0
121,Bernard,Nicolas,34,candidat,49.13053604755391,2.230194875906773,121,Développeur Fullstack,Profil orienté tech. Je suis Développeur Fullstack passionné(e) par la data et le code.,0,['Master IA'],"['Scikit-Learn', 'Machine Learning', 'React']","['Gestion du stress', 'Leadership']","['Français', 'Anglais']","['Ancien Développeur Fullstack', 'Stagiaire Développeur Fullstack']",9,19
122,Dubois,Luc,48,candidat,48.81363724994142,2.312132382337244,122,Designer UX/UI,Profil orienté tech. Je suis Designer UX/UI passionné(e) par la data et le code.,8,['Bac+2 Informatique'],"['SQL', 'Scikit-Learn', 'Pandas']","['Gestion du stress', 'Autonomie']","['Français', 'Anglais']","['Ancien Designer UX/UI', 'Stagiaire Designer UX/UI']",5,12
123,Bernard,Sophie,38,candidat,48.60691701946635,2.419075087723008,123,Administrateur Réseaux,Profil orienté tech. Je suis Administrateur Réseaux passionné(e) par la data et le code.,7,['Bac+2 Informatique'],"['Git', 'Machine Learning', 'SQL']","['Gestion du stress', 'Leadership']","['Français', 'Anglais']","['Ancien Administrateur Réseaux', 'Stagiaire Administrateur Réseaux']",1,7
124,Dubois,Jean,51,candidat,49.25139652125596,1.9755482251502625,124,Designer UX/UI,Profil orienté tech. Je suis Designer UX/UI passionné(e) par la data et le code.,2,['Licence Pro'],"['Java', 'Docker', 'Kubernetes']","['Autonomie', 'Adaptabilité']","['Français', 'Anglais']","['Ancien Designer UX/UI', 'Stagiaire Designer UX/UI']",3,9
125,Martin,Pierre,49,candidat,48.79419124265388,2.35166508048981,125,Designer UX/UI,Profil orienté tech. Je suis Designer UX/UI passionné(e) par la data et le code.,6,['Master IA'],"['Kubernetes', 'Scikit-Learn', 'Git']","['Leadership', 'Rigueur']","['Français', 'Anglais']","['Ancien Designer UX/UI', 'Stagiaire Designer UX/UI']",2,9
126,Thomas,Sophie,46,candidat,48.91750625005032,2.487951371895612,126,Ingénieur DevOps,Profil orienté tech. Je suis Ingénieur DevOps passionné(e) par la data et le code.,2,"[""Diplôme d'Ingénieur""]","['Kubernetes', 'Scikit-Learn', 'AWS']","['Rigueur', 'Gestion du stress']","['Français', 'Anglais']","['Ancien Ingénieur DevOps', 'Stagiaire Ingénieur DevOps']",5,19
127,Richard,Luc,42,candidat,48.61650020053569,1.9450796701404267,127,Administrateur Réseaux,Profil orienté tech. Je suis Administrateur Réseaux passionné(e) par la data et le code.,4,"[""Diplôme d'Ingénieur""]","['Git', 'Machine Learning', 'Docker']","[""Esprit d'équipe"", 'Communication']","['Français', 'Anglais']","['Ancien Administrateur Réseaux', 'Stagiaire Administrateur Réseaux']",8,19
128,Dubois,Paul,47,candidat,48.691117362460474,1.8749215005924649,128,Chef de Projet IT,Profil orienté tech. Je suis Chef de Projet IT passionné(e) par la data et le code.,13,['Bac+2 Informatique'],"['AWS', 'Linux', 'Docker']","['Communication', ""Esprit d'équipe""]","['Français', 'Anglais']","['Ancien Chef de Projet IT', 'Stagiaire Chef de Projet IT']",1,9
129,Richard,Luc,42,candidat,49.07244661296559,2.561304789931328,129,Ingénieur DevOps,Profil orienté tech. Je suis Ingénieur DevOps passionné(e) par la data et le code.,3,['Master IA'],"['Python', 'Git', 'Linux']","['Communication', 'Gestion du stress']","['Français', 'Anglais']","['Ancien Ingénieur DevOps', 'Stagiaire Ingénieur DevOps']",9,2
130,Durand,Pierre,33,candidat,48.97393079967019,2.51226528808719,130,Ingénieur DevOps,Profil orienté tech. Je suis Ingénieur DevOps passionné(e) par la data et le code.,10,"[""Diplôme d'Ingénieur""]","['Linux', 'Kubernetes', 'Java']","['Autonomie', 'Gestion du stress']","['Français', 'Anglais']","['Ancien Ingénieur DevOps', 'Stagiaire Ingénieur DevOps']",4,3
131,Thomas,Julie,40,candidat,48.58048101214216,2.0685554318062436,131,Expert Cybersécurité,Profil orienté tech. Je suis Expert Cybersécurité passionné(e) par la data et le code.,10,"[""Diplôme d'Ingénieur""]","['SQL', 'Python', 'AWS']","[""Esprit d'équipe"", 'Adaptabilité']","['Français', 'Anglais']","['Ancien Expert Cybersécurité', 'Stagiaire Expert Cybersécurité']",7,19
132,Robert,Camille,56,candidat,49.28382197441084,2.291524195058999,132,Designer UX/UI,Profil orienté tech. Je suis Designer UX/UI passionné(e) par la data et le code.,9,"[""Diplôme d'Ingénieur""]","['AWS', 'Scikit-Learn', 'React']","[""Esprit d'équipe"", 'Gestion du stress']","['Français', 'Anglais']","['Ancien Designer UX/UI', 'Stagiaire Designer UX/UI']",9,4
133,Thomas,Paul,54,candidat,48.699502671217175,2.249798120513318,133,Chef de Projet IT,Profil orienté tech. Je suis Chef de Projet IT passionné(e) par la data et le code.,10,['Bac+2 Informatique'],"['Machine Learning', 'Kubernetes', 'Git']","[""Esprit d'équipe"", 'Gestion du stress']","['Français', 'Anglais']","['Ancien Chef de Projet IT', 'Stagiaire Chef de Projet IT']",8,17
134,Dubois,Jean,59,candidat,48.51154286955436,2.6198303830024057,134,Administrateur Réseaux,Profil orienté tech. Je suis Administrateur Réseaux passionné(e) par la data et le code.,5,"[""Diplôme d'Ingénieur""]","['Kubernetes', 'Pandas', 'AWS']","['Gestion du stress', ""Esprit d'équipe""]","['Français', 'Anglais']","['Ancien Administrateur Réseaux', 'Stagiaire Administrateur Réseaux']",2,18
135,Moreau,Jean,52,candidat,48.49887599948039,2.4754221175381694,135,Designer UX/UI,Profil orienté tech. Je suis Designer UX/UI passionné(e) par la data et le code.,6,['Master IA'],"['AWS', 'Linux', 'React']","['Adaptabilité', 'Communication']","['Français', 'Anglais']","['Ancien Designer UX/UI', 'Stagiaire Designer UX/UI']",5,19
136,Martin,Nicolas,20,candidat,49.21470474565829,2.357852274487713,136,Chef de Projet IT,Profil orienté tech. Je suis Chef de Projet IT passionné(e) par la data et le code.,7,"[""Diplôme d'Ingénieur""]","['SQL', 'Python', 'Scikit-Learn']","['Communication', 'Adaptabilité']","['Français', 'Anglais']","['Ancien Chef de Projet IT', 'Stagiaire Chef de Projet IT']",7,6
137,Durand,Julie,58,candidat,48.93241096277319,1.8812214208276,137,Ingénieur DevOps,Profil orienté tech. Je suis Ingénieur DevOps passionné(e) par la data et le code.,13,['Licence Pro'],"['React', 'SQL', 'AWS']","['Autonomie', 'Leadership']","['Français', 'Anglais']","['Ancien Ingénieur DevOps', 'Stagiaire Ingénieur DevOps']",2,10
138,Martin,Jean,55,candidat,49.253912516339646,2.516995770998294,138,Chef de Projet IT,Profil orienté tech. Je suis Chef de Projet IT passionné(e) par la data et le code.,12,['Bac+2 Informatique'],"['Machine Learning', 'Java', 'AWS']","['Rigueur', 'Communication']","['Français', 'Anglais']","['Ancien Chef de Projet IT', 'Stagiaire Chef de Projet IT']",3,5
139,Petit,Camille,20,candidat,48.636774066945705,2.5705970836395355,139,Data Scientist,Profil orienté tech. Je suis Data Scientist passionné(e) par la data et le code.,10,['Licence Pro'],"['Git', 'Kubernetes', 'Java']","['Adaptabilité', 'Gestion du stress']","['Français', 'Anglais']","['Ancien Data Scientist', 'Stagiaire Data Scientist']",3,10
140,Petit,Emma,58,candidat,49.00068045757013,2.1140607754771272,140,Designer UX/UI,Profil orienté tech. Je suis Designer UX/UI passionné(e) par la data et le code.,11,['Licence Pro'],"['Git', 'Kubernetes', 'SQL']","['Gestion du stress', 'Rigueur']","['Français', 'Anglais']","['Ancien Designer UX/UI', 'Stagiaire Designer UX/UI']",3,10
141,Robert,Pierre,24,candidat,48.92016151240561,2.1193461351818033,141,Expert Cybersécurité,Profil orienté tech. Je suis Expert Cybersécurité passionné(e) par la data et le code.,5,['Licence Pro'],"['Python', 'Docker', 'React']","['Adaptabilité', 'Gestion du stress']","['Français', 'Anglais']","['Ancien Expert Cybersécurité', 'Stagiaire Expert Cybersécurité']",3,7
142,Martin,Pierre,21,candidat,48.60246408363036,2.646617507421051,142,Expert Cybersécurité,Profil orienté tech. Je suis Expert Cybersécurité passionné(e) par la data et le code.,6,['Bac+2 Informatique'],"['Docker', 'Python', 'Pandas']","['Adaptabilité', 'Rigueur']","['Français', 'Anglais']","['Ancien Expert Cybersécurité', 'Stagiaire Expert Cybersécurité']",2,10
143,Moreau,Emma,24,candidat,48.544602832067056,2.2419324618587915,143,Data Scientist,Profil orienté tech. Je suis Data Scientist passionné(e) par la data et le code.,10,"[""Diplôme d'Ingénieur""]","['Kubernetes', 'Pandas', 'SQL']","['Leadership', 'Adaptabilité']","['Français', 'Anglais']","['Ancien Data Scientist', 'Stagiaire Data Scientist']",7,12
144,Richard,Julie,58,candidat,48.924127764727245,1.9550298104993482,144,Développeur Fullstack,Profil orienté tech. Je suis Développeur Fullstack passionné(e) par la data et le code.,3,['Master IA'],"['Git', 'Python', 'Java']","['Autonomie', 'Gestion du stress']","['Français', 'Anglais']","['Ancien Développeur Fullstack', 'Stagiaire Développeur Fullstack']",8,12
145,Petit,Pierre,53,candidat,49.1841321313432,2.761418086228727,145,Chef de Projet IT,Profil orienté tech. Je suis Chef de Projet IT passionné(e) par la data et le code.,4,['Doctorat'],"['AWS', 'Git', 'Kubernetes']","['Rigueur', 'Gestion du stress']","['Français', 'Anglais']","['Ancien Chef de Projet IT', 'Stagiaire Chef de Projet IT']",5,6
146,Richard,Nicolas,49,candidat,49.21324284976085,2.359971552195284,146,Administrateur Réseaux,Profil orienté tech. Je suis Administrateur Réseaux passionné(e) par la data et le code.,6,['Master IA'],"['Python', 'Scikit-Learn', 'React']","['Adaptabilité', ""Esprit d'équipe""]","['Français', 'Anglais']","['Ancien Administrateur Réseaux', 'Stagiaire Administrateur Réseaux']",5,18
147,Thomas,Jean,56,candidat,49.19119745901316,2.6784120273390797,147,Administrateur Réseaux,Profil orienté tech. Je suis Administrateur Réseaux passionné(e) par la data et le code.,14,['Bac+2 Informatique'],"['AWS', 'Linux', 'Scikit-Learn']","[""Esprit d'équipe"", 'Leadership']","['Français', 'Anglais']","['Ancien Administrateur Réseaux', 'Stagiaire Administrateur Réseaux']",9,16
148,Thomas,Marie,48,candidat,48.47517012916788,2.7837465824323155,148,Designer UX/UI,Profil orienté tech. Je suis Designer UX/UI passionné(e) par la data et le code.,7,['Doctorat'],"['Scikit-Learn', 'React', 'SQL']","['Communication', 'Leadership']","['Français', 'Anglais']","['Ancien Designer UX/UI', 'Stagiaire Designer UX/UI']",7,15
149,Durand,Jean,38,candidat,48.78801034874678,2.2908633826911657,149,Chef de Projet IT,Profil orienté tech. Je suis Chef de Projet IT passionné(e) par la data et le code.,9,"[""Diplôme d'Ingénieur""]","['Git', 'React', 'Python']","['Gestion du stress', 'Communication']","['Français', 'Anglais']","['Ancien Chef de Projet IT', 'Stagiaire Chef de Projet IT']",7,12
150,Bernard,Marie,51,candidat,48.498926012919924,2.626187309696225,150,Designer UX/UI,Profil orienté tech. Je suis Designer UX/UI passionné(e) par la data et le code.,2,"[""Diplôme d'Ingénieur""]","['Kubernetes', 'SQL', 'Pandas']","['Rigueur', 'Adaptabilité']","['Français', 'Anglais']","['Ancien Designer UX/UI', 'Stagiaire Designer UX/UI']",6,0
151,Petit,Julie,43,candidat,48.507347276858866,2.46183350394757,151,Designer UX/UI,Profil orienté tech. Je suis Designer UX/UI passionné(e) par la data et le code.,4,['Master IA'],"['Python', 'React', 'Java']","['Adaptabilité', 'Communication']","['Français', 'Anglais']","['Ancien Designer UX/UI', 'Stagiaire Designer UX/UI']",2,4
152,Petit,Marie,37,candidat,49.2882807839964,2.026763431135198,152,Chef de Projet IT,Profil orienté tech. Je suis Chef de Projet IT passionné(e) par la data et le code.,11,['Licence Pro'],"['Pandas', 'Java', 'AWS']","['Rigueur', 'Gestion du stress']","['Français', 'Anglais']","['Ancien Chef de Projet IT', 'Stagiaire Chef de Projet IT']",0,2
153,Laurent,Camille,46,candidat,48.525348220179964,2.081486712525139,153,Ingénieur DevOps,Profil orienté tech. Je suis Ingénieur DevOps passionné(e) par la data et le code.,3,['Bac+2 Informatique'],"['Git', 'React', 'Docker']","['Communication', 'Gestion du stress']","['Français', 'Anglais']","['Ancien Ingénieur DevOps', 'Stagiaire Ingénieur DevOps']",2,14
154,Robert,Pierre,41,candidat,48.44533711950394,2.3001252317444143,154,Développeur Fullstack,Profil orienté tech. Je suis Développeur Fullstack passionné(e) par la data et le code.,7,['Bac+2 Informatique'],"['SQL', 'React', 'AWS']","['Communication', ""Esprit d'équipe""]","['Français', 'Anglais']","['Ancien Développeur Fullstack', 'Stagiaire Développeur Fullstack']",0,1
155,Dubois,Jean,21,candidat,49.31492301562629,2.6027647722381655,155,Ingénieur DevOps,Profil orienté tech. Je suis Ingénieur DevOps passionné(e) par la data et le code.,2,"[""Diplôme d'Ingénieur""]","['Git', 'Scikit-Learn', 'Java']","['Communication', 'Leadership']","['Français', 'Anglais']","['Ancien Ingénieur DevOps', 'Stagiaire Ingénieur DevOps']",5,13
156,Petit,Pierre,49,candidat,48.97242094192686,2.087756445809481,156,Administrateur Réseaux,Profil orienté tech. Je suis Administrateur Réseaux passionné(e) par la data et le code.,6,['Bac+2 Informatique'],"['Scikit-Learn', 'SQL', 'Linux']","['Gestion du stress', 'Rigueur']","['Français', 'Anglais']","['Ancien Administrateur Réseaux', 'Stagiaire Administrateur Réseaux']",2,4
157,Robert,Marie,26,candidat,49.258214166673284,2.0218965748623967,157,Expert Cybersécurité,Profil orienté tech. Je suis Expert Cybersécurité passionné(e) par la data et le code.,4,['Licence Pro'],"['Linux', 'Scikit-Learn', 'Docker']","['Communication', 'Adaptabilité']","['Français', 'Anglais']","['Ancien Expert Cybersécurité', 'Stagiaire Expert Cybersécurité']",7,5
158,Martin,Luc,41,candidat,48.445990149355886,2.0994076053747124,158,Développeur Fullstack,Profil orienté tech. Je suis Développeur Fullstack passionné(e) par la data et le code.,13,"[""Diplôme d'Ingénieur""]","['Machine Learning', 'Kubernetes', 'React']","['Gestion du stress', 'Communication']","['Français', 'Anglais']","['Ancien Développeur Fullstack', 'Stagiaire Développeur Fullstack']",9,14
159,Thomas,Luc,44,candidat,49.291120589110946,2.6370053911278406,159,Data Scientist,Profil orienté tech. Je suis Data Scientist passionné(e) par la data et le code.,12,['Licence Pro'],"['Docker', 'React', 'Kubernetes']","['Autonomie', ""Esprit d'équipe""]","['Français', 'Anglais']","['Ancien Data Scientist', 'Stagiaire Data Scientist']",3,0
160,Moreau,Jean,42,candidat,49.08563203842756,2.2588175463752167,160,Administrateur Réseaux,Profil orienté tech. Je suis Administrateur Réseaux passionné(e) par la data et le code.,1,['Doctorat'],"['Git', 'React', 'Kubernetes']","['Leadership', 'Gestion du stress']","['Français', 'Anglais']","['Ancien Administrateur Réseaux', 'Stagiaire Administrateur Réseaux']",2,0
161,Robert,Marie,49,candidat,49.184482741182954,2.8301508249404312,161,Data Scientist,Profil orienté tech. Je suis Data Scientist passionné(e) par la data et le code.,0,['Master IA'],"['Java', 'Git', 'Docker']","['Gestion du stress', 'Leadership']","['Français', 'Anglais']","['Ancien Data Scientist', 'Stagiaire Data Scientist']",9,14
162,Martin,Marie,37,candidat,49.092062333980394,2.393726331359244,162,Ingénieur DevOps,Profil orienté tech. Je suis Ingénieur DevOps passionné(e) par la data et le code.,6,['Master IA'],"['React', 'Pandas', 'Docker']","['Communication', 'Adaptabilité']","['Français', 'Anglais']","['Ancien Ingénieur DevOps', 'Stagiaire Ingénieur DevOps']",8,4
163,Dubois,Camille,53,candidat,49.33399884384262,2.428809342531937,163,Expert Cybersécurité,Profil orienté tech. Je suis Expert Cybersécurité passionné(e) par la data et le code.,5,['Master IA'],"['Machine Learning', 'React', 'Kubernetes']","['Adaptabilité', 'Rigueur']","['Français', 'Anglais']","['Ancien Expert Cybersécurité', 'Stagiaire Expert Cybersécurité']",6,13
164,Thomas,Emma,52,candidat,48.6519443369817,2.7482623264698502,164,Ingénieur DevOps,Profil orienté tech. Je suis Ingénieur DevOps passionné(e) par la data et le code.,14,"[""Diplôme d'Ingénieur""]","['Machine Learning', 'Java', 'React']","['Rigueur', 'Autonomie']","['Français', 'Anglais']","['Ancien Ingénieur DevOps', 'Stagiaire Ingénieur DevOps']",7,6
165,Richard,Jean,20,candidat,48.59719364842536,2.18365833133653,165,Ingénieur DevOps,Profil orienté tech. Je suis Ingénieur DevOps passionné(e) par la data et le code.,4,['Master IA'],"['React', 'AWS', 'Kubernetes']","['Autonomie', 'Communication']","['Français', 'Anglais']","['Ancien Ingénieur DevOps', 'Stagiaire Ingénieur DevOps']",1,13
166,Richard,Luc,55,candidat,48.53162754802841,1.960088561066033,166,Expert Cybersécurité,Profil orienté tech. Je suis Expert Cybersécurité passionné(e) par la data et le code.,14,['Doctorat'],"['Git', 'Docker', 'Machine Learning']","['Gestion du stress', 'Leadership']","['Français', 'Anglais']","['Ancien Expert Cybersécurité', 'Stagiaire Expert Cybersécurité']",3,6
167,Dubois,Camille,22,candidat,48.48514470655455,2.026608760509821,167,Ingénieur DevOps,Profil orienté tech. Je suis Ingénieur DevOps passionné(e) par la data et le code.,9,['Master IA'],"['SQL', 'Scikit-Learn', 'Kubernetes']","['Communication', 'Rigueur']","['Français', 'Anglais']","['Ancien Ingénieur DevOps', 'Stagiaire Ingénieur DevOps']",0,8
168,Thomas,Nicolas,55,candidat,49.26847106247556,2.5721343530825775,168,Administrateur Réseaux,Profil orienté tech. Je suis Administrateur Réseaux passionné(e) par la data et le code.,5,['Doctorat'],"['Git', 'Machine Learning', 'SQL']","['Communication', 'Rigueur']","['Français', 'Anglais']","['Ancien Administrateur Réseaux', 'Stagiaire Administrateur Réseaux']",9,18
169,Thomas,Paul,48,candidat,48.757731243564194,2.1867967427251873,169,Développeur Fullstack,Profil orienté tech. Je suis Développeur Fullstack passionné(e) par la data et le code.,2,['Licence Pro'],"['AWS', 'SQL', 'Machine Learning']","['Adaptabilité', ""Esprit d'équipe""]","['Français', 'Anglais']","['Ancien Développeur Fullstack', 'Stagiaire Développeur Fullstack']",7,1
170,Petit,Julie,28,candidat,48.93764183903264,1.913352103257245,170,Développeur Fullstack,Profil orienté tech. Je suis Développeur Fullstack passionné(e) par la data et le code.,14,['Doctorat'],"['Git', 'Linux', 'Machine Learning']","[""Esprit d'équipe"", 'Communication']","['Français', 'Anglais']","['Ancien Développeur Fullstack', 'Stagiaire Développeur Fullstack']",1,1
171,Martin,Marie,55,candidat,49.20343276305987,2.5463471687398886,171,Chef de Projet IT,Profil orienté tech. Je suis Chef de Projet IT passionné(e) par la data et le code.,5,['Master IA'],"['Linux', 'Git', 'Java']","['Rigueur', 'Leadership']","['Français', 'Anglais']","['Ancien Chef de Projet IT', 'Stagiaire Chef de Projet IT']",5,17
172,Petit,Paul,42,candidat,48.78356537180541,2.5565546698175714,172,Développeur Fullstack,Profil orienté tech. Je suis Développeur Fullstack passionné(e) par la data et le code.,4,['Doctorat'],"['React', 'AWS', 'Kubernetes']","['Adaptabilité', 'Communication']","['Français', 'Anglais']","['Ancien Développeur Fullstack', 'Stagiaire Développeur Fullstack']",3,5
173,Petit,Julie,32,candidat,48.952991041100724,2.605776892657361,173,Administrateur Réseaux,Profil orienté tech. Je suis Administrateur Réseaux passionné(e) par la data et le code.,9,['Licence Pro'],"['Docker', 'Java', 'Linux']","['Rigueur', 'Adaptabilité']","['Français', 'Anglais']","['Ancien Administrateur Réseaux', 'Stagiaire Administrateur Réseaux']",2,1
174,Dubois,Jean,27,candidat,49.0801734780115,1.9820503458644132,174,Ingénieur DevOps,Profil orienté tech. Je suis Ingénieur DevOps passionné(e) par la data et le code.,3,"[""Diplôme d'Ingénieur""]","['Linux', 'Pandas', 'Machine Learning']","['Rigueur', 'Autonomie']","['Français', 'Anglais']","['Ancien Ingénieur DevOps', 'Stagiaire Ingénieur DevOps']",3,3
175,Dubois,Luc,53,candidat,48.571826200527084,2.0007868996730442,175,Ingénieur DevOps,Profil orienté tech. Je suis Ingénieur DevOps passionné(e) par la data et le code.,12,['Bac+2 Informatique'],"['Scikit-Learn', 'Java', 'Linux']","['Gestion du stress', 'Rigueur']","['Français', 'Anglais']","['Ancien Ingénieur DevOps', 'Stagiaire Ingénieur DevOps']",5,3
176,Petit,Emma,23,candidat,49.2850476013027,2.598768939101549,176,Chef de Projet IT,Profil orienté tech. Je suis Chef de Projet IT passionné(e) par la data et le code.,1,['Doctorat'],"['Kubernetes', 'Machine Learning', 'Docker']","['Leadership', 'Communication']","['Français', 'Anglais']","['Ancien Chef de Projet IT', 'Stagiaire Chef de Projet IT']",3,19
177,Petit,Nicolas,39,candidat,48.75337283641931,2.4614044751700894,177,Data Scientist,Profil orienté tech. Je suis Data Scientist passionné(e) par la data et le code.,0,['Licence Pro'],"['Pandas', 'SQL', 'Machine Learning']","['Adaptabilité', 'Autonomie']","['Français', 'Anglais']","['Ancien Data Scientist', 'Stagiaire Data Scientist']",0,6
178,Richard,Jean,47,candidat,48.84957114368052,2.019527063501849,178,Data Scientist,Profil orienté tech. Je suis Data Scientist passionné(e) par la data et le code.,9,['Licence Pro'],"['Scikit-Learn', 'SQL', 'Docker']","['Leadership', ""Esprit d'équipe""]","['Français', 'Anglais']","['Ancien Data Scientist', 'Stagiaire Data Scientist']",5,13
179,Robert,Camille,32,candidat,49.32482339684396,2.129544192447992,179,Data Scientist,Profil orienté tech. Je suis Data Scientist passionné(e) par la data et le code.,7,['Licence Pro'],"['Kubernetes', 'Java', 'Docker']","['Leadership', 'Gestion du stress']","['Français', 'Anglais']","['Ancien Data Scientist', 'Stagiaire Data Scientist']",4,6
180,Richard,Emma,30,candidat,49.06132361152422,1.9101790832692083,180,Chef de Projet IT,Profil orienté tech. Je suis Chef de Projet IT passionné(e) par la data et le code.,14,['Master IA'],"['SQL', 'Docker', 'Python']","['Leadership', 'Rigueur']","['Français', 'Anglais']","['Ancien Chef de Projet IT', 'Stagiaire Chef de Projet IT']",1,14
181,Dubois,Camille,44,candidat,48.902659767164394,2.2567138808779736,181,Data Scientist,Profil orienté tech. Je suis Data Scientist passionné(e) par la data et le code.,14,['Doctorat'],"['Docker', 'AWS', 'Linux']","['Gestion du stress', 'Autonomie']","['Français', 'Anglais']","['Ancien Data Scientist', 'Stagiaire Data Scientist']",1,13
182,Richard,Luc,48,candidat,49.32928186104188,2.7896043572196847,182,Expert Cybersécurité,Profil orienté tech. Je suis Expert Cybersécurité passionné(e) par la data et le code.,2,['Master IA'],"['Pandas', 'Docker', 'Machine Learning']","['Autonomie', 'Rigueur']","['Français', 'Anglais']","['Ancien Expert Cybersécurité', 'Stagiaire Expert Cybersécurité']",1,3
183,Richard,Luc,35,candidat,48.62053768851109,2.11430742671228,183,Ingénieur DevOps,Profil orienté tech. Je suis Ingénieur DevOps passionné(e) par la data et le code.,0,"[""Diplôme d'Ingénieur""]","['AWS', 'Java', 'Docker']","['Adaptabilité', 'Rigueur']","['Français', 'Anglais']","['Ancien Ingénieur DevOps', 'Stagiaire Ingénieur DevOps']",2,0
184,Laurent,Camille,24,candidat,48.66704011331657,2.2329495728066338,184,Développeur Fullstack,Profil orienté tech. Je suis Développeur Fullstack passionné(e) par la data et le code.,13,['Licence Pro'],"['Java', 'AWS', 'Machine Learning']","['Autonomie', 'Gestion du stress']","['Français', 'Anglais']","['Ancien Développeur Fullstack', 'Stagiaire Développeur Fullstack']",3,4
185,Bernard,Nicolas,59,candidat,48.71568181610972,2.393954190110846,185,Administrateur Réseaux,Profil orienté tech. Je suis Administrateur Réseaux passionné(e) par la data et le code.,4,['Master IA'],"['Python', 'Kubernetes', 'Machine Learning']","[""Esprit d'équipe"", 'Leadership']","['Français', 'Anglais']","['Ancien Administrateur Réseaux', 'Stagiaire Administrateur Réseaux']",6,15
186,Petit,Emma,48,candidat,49.154055307797194,2.5645121591903597,186,Développeur Fullstack,Profil orienté tech. Je suis Développeur Fullstack passionné(e) par la data et le code.,5,['Doctorat'],"['Machine Learning', 'Kubernetes', 'Git']","['Communication', ""Esprit d'équipe""]","['Français', 'Anglais']","['Ancien Développeur Fullstack', 'Stagiaire Développeur Fullstack']",1,9
187,Thomas,Pierre,52,candidat,48.836555689608794,2.3180803953421916,187,Développeur Fullstack,Profil orienté tech. Je suis Développeur Fullstack passionné(e) par la data et le code.,7,['Doctorat'],"['Python', 'Pandas', 'Kubernetes']","['Rigueur', ""Esprit d'équipe""]","['Français', 'Anglais']","['Ancien Développeur Fullstack', 'Stagiaire Développeur Fullstack']",4,12
188,Martin,Emma,32,candidat,48.50115670081381,2.525197749758227,188,Administrateur Réseaux,Profil orienté tech. Je suis Administrateur Réseaux passionné(e) par la data et le code.,13,['Bac+2 Informatique'],"['Machine Learning', 'Java', 'Git']","['Autonomie', 'Communication']","['Français', 'Anglais']","['Ancien Administrateur Réseaux', 'Stagiaire Administrateur Réseaux']",5,19
189,Richard,Paul,57,candidat,48.63011724749587,2.605386577384336,189,Ingénieur DevOps,Profil orienté tech. Je suis Ingénieur DevOps passionné(e) par la data et le code.,6,['Doctorat'],"['Kubernetes', 'Git', 'Scikit-Learn']","[""Esprit d'équipe"", 'Leadership']","['Français', 'Anglais']","['Ancien Ingénieur DevOps', 'Stagiaire Ingénieur DevOps']",1,8
190,Thomas,Emma,29,candidat,48.95372091742639,2.641399243496932,190,Chef de Projet IT,Profil orienté tech. Je suis Chef de Projet IT passionné(e) par la data et le code.,8,['Licence Pro'],"['SQL', 'Java', 'Docker']","['Rigueur', ""Esprit d'équipe""]","['Français', 'Anglais']","['Ancien Chef de Projet IT', 'Stagiaire Chef de Projet IT']",6,11
191,Moreau,Emma,47,candidat,49.125188001823716,2.530177478742563,191,Administrateur Réseaux,Profil orienté tech. Je suis Administrateur Réseaux passionné(e) par la data et le code.,11,['Doctorat'],"['React', 'Pandas', 'AWS']","['Leadership', 'Communication']","['Français', 'Anglais']","['Ancien Administrateur Réseaux', 'Stagiaire Administrateur Réseaux']",3,9
192,Robert,Paul,33,candidat,49.294826030286984,2.3394481847456254,192,Data Scientist,Profil orienté tech. Je suis Data Scientist passionné(e) par la data et le code.,3,['Bac+2 Informatique'],"['Python', 'Java', 'React']","[""Esprit d'équipe"", 'Gestion du stress']","['Français', 'Anglais']","['Ancien Data Scientist', 'Stagiaire Data Scientist']",3,19
193,Laurent,Emma,35,candidat,48.96918192565722,2.5932182753406936,193,Développeur Fullstack,Profil orienté tech. Je suis Développeur Fullstack passionné(e) par la data et le code.,5,"[""Diplôme d'Ingénieur""]","['SQL', 'Docker', 'React']","['Adaptabilité', 'Communication']","['Français', 'Anglais']","['Ancien Développeur Fullstack', 'Stagiaire Développeur Fullstack']",7,0
194,Bernard,Jean,24,candidat,48.57277170780232,2.1992004599451658,194,Chef de Projet IT,Profil orienté tech. Je suis Chef de Projet IT passionné(e) par la data et le code.,5,['Bac+2 Informatique'],"['Pandas', 'Scikit-Learn', 'Python']","['Gestion du stress', 'Communication']","['Français', 'Anglais']","['Ancien Chef de Projet IT', 'Stagiaire Chef de Projet IT']",2,9
195,Dubois,Julie,53,candidat,48.49960348131905,2.2596093406697846,195,Designer UX/UI,Profil orienté tech. Je suis Designer UX/UI passionné(e) par la data et le code.,4,['Doctorat'],"['Scikit-Learn', 'SQL', 'Machine Learning']","['Autonomie', 'Rigueur']","['Français', 'Anglais']","['Ancien Designer UX/UI', 'Stagiaire Designer UX/UI']",2,15
196,Moreau,Luc,34,candidat,49.041475939553266,2.610558293025413,196,Ingénieur DevOps,Profil orienté tech. Je suis Ingénieur DevOps passionné(e) par la data et le code.,0,"[""Diplôme d'Ingénieur""]","['Python', 'Java', 'Git']","['Rigueur', 'Autonomie']","['Français', 'Anglais']","['Ancien Ingénieur DevOps', 'Stagiaire Ingénieur DevOps']",4,8
197,Bernard,Nicolas,35,candidat,48.93948383025564,2.1977665997973874,197,Data Scientist,Profil orienté tech. Je suis Data Scientist passionné(e) par la data et le code.,2,"[""Diplôme d'Ingénieur""]","['Docker', 'Kubernetes', 'Machine Learning']","[""Esprit d'équipe"", 'Rigueur']","['Français', 'Anglais']","['Ancien Data Scientist', 'Stagiaire Data Scientist']",4,6
198,Thomas,Paul,21,candidat,48.56455091560791,2.261031200903568,198,Développeur Fullstack,Profil orienté tech. Je suis Développeur Fullstack passionné(e) par la data et le code.,4,['Licence Pro'],"['Git', 'AWS', 'Kubernetes']","['Gestion du stress', 'Rigueur']","['Français', 'Anglais']","['Ancien Développeur Fullstack', 'Stagiaire Développeur Fullstack']",4,15
199,Bernard,Marie,59,candidat,49.289106865077144,2.0043837779169484,199,Data Scientist,Profil orienté tech. Je suis Data Scientist passionné(e) par la data et le code.,10,['Bac+2 Informatique'],"['Git', 'Java', 'Docker']","['Rigueur', ""Esprit d'équipe""]","['Français', 'Anglais']","['Ancien Data Scientist', 'Stagiaire Data Scientist']",5,18
200,Dubois,Pierre,52,candidat,48.808911082885004,1.939826065661194,200,Développeur Fullstack,Profil orienté tech. Je suis Développeur Fullstack passionné(e) par la data et le code.,5,['Master IA'],"['Machine Learning', 'Docker', 'Scikit-Learn']","['Leadership', 'Communication']","['Français', 'Anglais']","['Ancien Développeur Fullstack', 'Stagiaire Développeur Fullstack']",4,0
201,Robert,Marie,22,candidat,48.38667069582448,2.1524125499696107,201,Expert Cybersécurité,Profil orienté tech. Je suis Expert Cybersécurité passionné(e) par la data et le code.,2,['Doctorat'],"['Machine Learning', 'Kubernetes', 'Java']","['Rigueur', 'Autonomie']","['Français', 'Anglais']","['Ancien Expert Cybersécurité', 'Stagiaire Expert Cybersécurité']",2,14
202,Martin,Sophie,30,candidat,48.78640916429711,2.0194895022773656,202,Administrateur Réseaux,Profil orienté tech. Je suis Administrateur Réseaux passionné(e) par la data et le code.,11,['Doctorat'],"['Python', 'Docker', 'Linux']","[""Esprit d'équipe"", 'Communication']","['Français', 'Anglais']","['Ancien Administrateur Réseaux', 'Stagiaire Administrateur Réseaux']",0,14
203,Moreau,Paul,27,candidat,48.4090769870384,2.588618740592228,203,Développeur Fullstack,Profil orienté tech. Je suis Développeur Fullstack passionné(e) par la data et le code.,13,['Master IA'],"['Machine Learning', 'Scikit-Learn', 'Python']","['Communication', 'Leadership']","['Français', 'Anglais']","['Ancien Développeur Fullstack', 'Stagiaire Développeur Fullstack']",6,13
204,Robert,Camille,35,candidat,49.08863717791768,2.2524733088538382,204,Administrateur Réseaux,Profil orienté tech. Je suis Administrateur Réseaux passionné(e) par la data et le code.,2,['Doctorat'],"['Java', 'Python', 'Machine Learning']","['Gestion du stress', 'Leadership']","['Français', 'Anglais']","['Ancien Administrateur Réseaux', 'Stagiaire Administrateur Réseaux']",1,19
205,Martin,Marie,22,candidat,48.99907382884398,2.5795775874947307,205,Administrateur Réseaux,Profil orienté tech. Je suis Administrateur Réseaux passionné(e) par la data et le code.,1,['Licence Pro'],"['AWS', 'SQL', 'Docker']","['Communication', ""Esprit d'équipe""]","['Français', 'Anglais']","['Ancien Administrateur Réseaux', 'Stagiaire Administrateur Réseaux']",0,14
206,Bernard,Pierre,48,candidat,48.70226661913495,1.976701483758979,206,Administrateur Réseaux,Profil orienté tech. Je suis Administrateur Réseaux passionné(e) par la data et le code.,2,['Licence Pro'],"['Python', 'Linux', 'SQL']","['Autonomie', ""Esprit d'équipe""]","['Français', 'Anglais']","['Ancien Administrateur Réseaux', 'Stagiaire Administrateur Réseaux']",4,10
207,Petit,Nicolas,57,candidat,48.64517420996485,2.224075803426779,207,Développeur Fullstack,Profil orienté tech. Je suis Développeur Fullstack passionné(e) par la data et le code.,12,['Licence Pro'],"['React', 'Scikit-Learn', 'AWS']","['Communication', 'Leadership']","['Français', 'Anglais']","['Ancien Développeur Fullstack', 'Stagiaire Développeur Fullstack']",2,2
208,Richard,Pierre,59,candidat,49.3094588407951,2.5110861153807056,208,Chef de Projet IT,Profil orienté tech. Je suis Chef de Projet IT passionné(e) par la data et le code.,5,['Licence Pro'],"['Kubernetes', 'Machine Learning', 'SQL']","[""Esprit d'équipe"", 'Communication']","['Français', 'Anglais']","['Ancien Chef de Projet IT', 'Stagiaire Chef de Projet IT']",1,2
209,Richard,Nicolas,53,candidat,49.30490388529944,2.821237179850642,209,Administrateur Réseaux,Profil orienté tech. Je suis Administrateur Réseaux passionné(e) par la data et le code.,14,['Doctorat'],"['Machine Learning', 'Scikit-Learn', 'React']","['Leadership', 'Adaptabilité']","['Français', 'Anglais']","['Ancien Administrateur Réseaux', 'Stagiaire Administrateur Réseaux']",0,4
210,Martin,Camille,35,candidat,49.3462736213262,2.0113598326364555,210,Designer UX/UI,Profil orienté tech. Je suis Designer UX/UI passionné(e) par la data et le code.,7,['Doctorat'],"['Pandas', 'Java', 'Git']","['Communication', 'Leadership']","['Français', 'Anglais']","['Ancien Designer UX/UI', 'Stagiaire Designer UX/UI']",0,7
211,Petit,Paul,56,candidat,48.77868222011494,2.153053864414826,211,Ingénieur DevOps,Profil orienté tech. Je suis Ingénieur DevOps passionné(e) par la data et le code.,2,['Master IA'],"['Machine Learning', 'Java', 'Scikit-Learn']","['Communication', 'Leadership']","['Français', 'Anglais']","['Ancien Ingénieur DevOps', 'Stagiaire Ingénieur DevOps']",4,1
212,Durand,Jean,58,candidat,48.52911742660622,2.279246280369029,212,Développeur Fullstack,Profil orienté tech. Je suis Développeur Fullstack passionné(e) par la data et le code.,11,"[""Diplôme d'Ingénieur""]","['Scikit-Learn', 'AWS', 'SQL']","['Adaptabilité', 'Communication']","['Français', 'Anglais']","['Ancien Développeur Fullstack', 'Stagiaire Développeur Fullstack']",5,0
213,Moreau,Paul,54,candidat,48.63887453090543,2.077758935500266,213,Designer UX/UI,Profil orienté tech. Je suis Designer UX/UI passionné(e) par la data et le code.,5,['Doctorat'],"['Docker', 'Machine Learning', 'AWS']","['Communication', 'Gestion du stress']","['Français', 'Anglais']","['Ancien Designer UX/UI', 'Stagiaire Designer UX/UI']",3,11
214,Moreau,Julie,53,candidat,48.68281872163232,2.2294376850111264,214,Développeur Fullstack,Profil orienté tech. Je suis Développeur Fullstack passionné(e) par la data et le code.,7,['Master IA'],"['AWS', 'Linux', 'Kubernetes']","['Autonomie', 'Communication']","['Français', 'Anglais']","['Ancien Développeur Fullstack', 'Stagiaire Développeur Fullstack']",3,3
215,Thomas,Camille,21,candidat,49.15480014712971,2.3288485841751774,215,Administrateur Réseaux,Profil orienté tech. Je suis Administrateur Réseaux passionné(e) par la data et le code.,1,['Doctorat'],"['Docker', 'Linux', 'Python']","['Gestion du stress', 'Adaptabilité']","['Français', 'Anglais']","['Ancien Administrateur Réseaux', 'Stagiaire Administrateur Réseaux']",5,3
216,Martin,Nicolas,58,candidat,48.89567951670267,2.2857239690216593,216,Designer UX/UI,Profil orienté tech. Je suis Designer UX/UI passionné(e) par la data et le code.,6,['Licence Pro'],"['React', 'Scikit-Learn', 'SQL']","['Adaptabilité', 'Rigueur']","['Français', 'Anglais']","['Ancien Designer UX/UI', 'Stagiaire Designer UX/UI']",5,2
217,Moreau,Paul,28,candidat,48.48281273047399,2.346499069398229,217,Développeur Fullstack,Profil orienté tech. Je suis Développeur Fullstack passionné(e) par la data et le code.,6,['Master IA'],"['Kubernetes', 'React', 'Pandas']","['Gestion du stress', 'Rigueur']","['Français', 'Anglais']","['Ancien Développeur Fullstack', 'Stagiaire Développeur Fullstack']",2,11
218,Martin,Pierre,31,candidat,48.61365385491949,2.3473700999892855,218,Data Scientist,Profil orienté tech. Je suis Data Scientist passionné(e) par la data et le code.,9,['Bac+2 Informatique'],"['Machine Learning', 'Kubernetes', 'Linux']","['Leadership', 'Autonomie']","['Français', 'Anglais']","['Ancien Data Scientist', 'Stagiaire Data Scientist']",8,10
219,Richard,Jean,21,candidat,48.47949415697868,2.1650636430793613,219,Administrateur Réseaux,Profil orienté tech. Je suis Administrateur Réseaux passionné(e) par la data et le code.,0,['Doctorat'],"['Docker', 'Git', 'Kubernetes']","['Leadership', 'Rigueur']","['Français', 'Anglais']","['Ancien Administrateur Réseaux', 'Stagiaire Administrateur Réseaux']",2,11
220,Richard,Luc,38,candidat,49.00575116450886,1.9685693897122465,220,Expert Cybersécurité,Profil orienté tech. Je suis Expert Cybersécurité passionné(e) par la data et le code.,10,['Licence Pro'],"['Scikit-Learn', 'Docker', 'Git']","['Adaptabilité', 'Gestion du stress']","['Français', 'Anglais']","['Ancien Expert Cybersécurité', 'Stagiaire Expert Cybersécurité']",7,9
221,Martin,Julie,22,candidat,48.84639350765446,2.209418562762459,221,Designer UX/UI,Profil orienté tech. Je suis Designer UX/UI passionné(e) par la data et le code.,11,"[""Diplôme d'Ingénieur""]","['Linux', 'Git', 'Docker']","['Rigueur', 'Gestion du stress']","['Français', 'Anglais']","['Ancien Designer UX/UI', 'Stagiaire Designer UX/UI']",8,7
222,Moreau,Nicolas,32,candidat,48.90414701426655,2.64646490994945,222,Développeur Fullstack,Profil orienté tech. Je suis Développeur Fullstack passionné(e) par la data et le code.,11,['Bac+2 Informatique'],"['Linux', 'Pandas', 'Python']","['Autonomie', 'Communication']","['Français', 'Anglais']","['Ancien Développeur Fullstack', 'Stagiaire Développeur Fullstack']",7,11
223,Martin,Luc,21,candidat,48.85102889110771,2.319847524295418,223,Développeur Fullstack,Profil orienté tech. Je suis Développeur Fullstack passionné(e) par la data et le code.,5,['Master IA'],"['AWS', 'React', 'Java']","['Leadership', 'Autonomie']","['Français', 'Anglais']","['Ancien Développeur Fullstack', 'Stagiaire Développeur Fullstack']",5,16
224,Martin,Luc,33,candidat,48.48138322003624,2.00613600327605,224,Ingénieur DevOps,Profil orienté tech. Je suis Ingénieur DevOps passionné(e) par la data et le code.,2,['Doctorat'],"['Docker', 'React', 'Java']","['Communication', 'Rigueur']","['Français', 'Anglais']","['Ancien Ingénieur DevOps', 'Stagiaire Ingénieur DevOps']",2,7
225,Richard,Pierre,46,candidat,49.167399827173426,1.914103401499897,225,Ingénieur DevOps,Profil orienté tech. Je suis Ingénieur DevOps passionné(e) par la data et le code.,13,['Master IA'],"['Java', 'Git', 'Machine Learning']","['Leadership', 'Gestion du stress']","['Français', 'Anglais']","['Ancien Ingénieur DevOps', 'Stagiaire Ingénieur DevOps']",2,16
226,Bernard,Paul,51,candidat,48.377719430343426,2.2341909527166264,226,Chef de Projet IT,Profil orienté tech. Je suis Chef de Projet IT passionné(e) par la data et le code.,7,['Bac+2 Informatique'],"['Kubernetes', 'AWS', 'Linux']","['Communication', 'Rigueur']","['Français', 'Anglais']","['Ancien Chef de Projet IT', 'Stagiaire Chef de Projet IT']",2,3
227,Durand,Sophie,59,candidat,49.141533672450606,1.891849896964078,227,Développeur Fullstack,Profil orienté tech. Je suis Développeur Fullstack passionné(e) par la data et le code.,1,['Bac+2 Informatique'],"['Git', 'Pandas', 'Linux']","['Gestion du stress', 'Communication']","['Français', 'Anglais']","['Ancien Développeur Fullstack', 'Stagiaire Développeur Fullstack']",2,9
228,Richard,Paul,38,candidat,48.852781796609726,2.669606212481079,228,Chef de Projet IT,Profil orienté tech. Je suis Chef de Projet IT passionné(e) par la data et le code.,10,"[""Diplôme d'Ingénieur""]","['React', 'SQL', 'AWS']","['Gestion du stress', 'Rigueur']","['Français', 'Anglais']","['Ancien Chef de Projet IT', 'Stagiaire Chef de Projet IT']",9,4
229,Richard,Nicolas,58,candidat,49.30773364319965,2.2568699340145804,229,Développeur Fullstack,Profil orienté tech. Je suis Développeur Fullstack passionné(e) par la data et le code.,7,['Bac+2 Informatique'],"['Java', 'Pandas', 'React']","['Leadership', 'Rigueur']","['Français', 'Anglais']","['Ancien Développeur Fullstack', 'Stagiaire Développeur Fullstack']",6,9
230,Thomas,Jean,26,candidat,48.998776318149744,2.8287218751167753,230,Data Scientist,Profil orienté tech. Je suis Data Scientist passionné(e) par la data et le code.,7,"[""Diplôme d'Ingénieur""]","['Git', 'Kubernetes', 'Pandas']","['Communication', 'Autonomie']","['Français', 'Anglais']","['Ancien Data Scientist', 'Stagiaire Data Scientist']",2,2
231,Durand,Paul,23,candidat,48.9220419955556,2.3710442051977916,231,Ingénieur DevOps,Profil orienté tech. Je suis Ingénieur DevOps passionné(e) par la data et le code.,14,['Master IA'],"['SQL', 'Pandas', 'Docker']","['Leadership', 'Autonomie']","['Français', 'Anglais']","['Ancien Ingénieur DevOps', 'Stagiaire Ingénieur DevOps']",7,12
232,Martin,Pierre,37,candidat,48.61095732975364,2.5445506600598455,232,Expert Cybersécurité,Profil orienté tech. Je suis Expert Cybersécurité passionné(e) par la data et le code.,12,['Doctorat'],"['Kubernetes', 'React', 'Java']","['Gestion du stress', 'Adaptabilité']","['Français', 'Anglais']","['Ancien Expert Cybersécurité', 'Stagiaire Expert Cybersécurité']",3,5
233,Moreau,Paul,42,candidat,49.26159158334164,2.65276250998165,233,Expert Cybersécurité,Profil orienté tech. Je suis Expert Cybersécurité passionné(e) par la data et le code.,4,['Doctorat'],"['SQL', 'Pandas', 'Git']","['Autonomie', 'Rigueur']","['Français', 'Anglais']","['Ancien Expert Cybersécurité', 'Stagiaire Expert Cybersécurité']",1,16
234,Dubois,Julie,36,candidat,48.55113055982817,2.850782336212302,234,Expert Cybersécurité,Profil orienté tech. Je suis Expert Cybersécurité passionné(e) par la data et le code.,1,['Master IA'],"['Scikit-Learn', 'Git', 'Java']","['Autonomie', ""Esprit d'équipe""]","['Français', 'Anglais']","['Ancien Expert Cybersécurité', 'Stagiaire Expert Cybersécurité']",0,10
235,Moreau,Emma,44,candidat,48.73853464799528,2.2191715384540713,235,Ingénieur DevOps,Profil orienté tech. Je suis Ingénieur DevOps passionné(e) par la data et le code.,0,['Master IA'],"['AWS', 'Python', 'SQL']","['Rigueur', 'Leadership']","['Français', 'Anglais']","['Ancien Ingénieur DevOps', 'Stagiaire Ingénieur DevOps']",9,5
236,Richard,Marie,44,candidat,48.92753985088893,2.0843721794577657,236,Ingénieur DevOps,Profil orienté tech. Je suis Ingénieur DevOps passionné(e) par la data et le code.,9,['Licence Pro'],"['Machine Learning', 'React', 'Git']","['Leadership', 'Gestion du stress']","['Français', 'Anglais']","['Ancien Ingénieur DevOps', 'Stagiaire Ingénieur DevOps']",5,8
237,Laurent,Jean,50,candidat,48.61093059657446,2.550007581223867,237,Designer UX/UI,Profil orienté tech. Je suis Designer UX/UI passionné(e) par la data et le code.,6,['Licence Pro'],"['Machine Learning', 'Java', 'AWS']","['Autonomie', 'Rigueur']","['Français', 'Anglais']","['Ancien Designer UX/UI', 'Stagiaire Designer UX/UI']",1,6
238,Thomas,Julie,32,candidat,48.77837928063675,2.2090450707820337,238,Administrateur Réseaux,Profil orienté tech. Je suis Administrateur Réseaux passionné(e) par la data et le code.,12,['Bac+2 Informatique'],"['Kubernetes', 'AWS', 'Pandas']","['Communication', 'Autonomie']","['Français', 'Anglais']","['Ancien Administrateur Réseaux', 'Stagiaire Administrateur Réseaux']",6,3
239,Dubois,Sophie,34,candidat,48.74418032288122,2.4739769983215947,239,Développeur Fullstack,Profil orienté tech. Je suis Développeur Fullstack passionné(e) par la data et le code.,6,['Bac+2 Informatique'],"['Git', 'Machine Learning', 'Java']","['Communication', 'Rigueur']","['Français', 'Anglais']","['Ancien Développeur Fullstack', 'Stagiaire Développeur Fullstack']",7,7
240,Martin,Nicolas,25,candidat,49.2525007625123,1.96369503100519,240,Ingénieur DevOps,Profil orienté tech. Je suis Ingénieur DevOps passionné(e) par la data et le code.,3,"[""Diplôme d'Ingénieur""]","['Pandas', 'Python', 'Scikit-Learn']","['Adaptabilité', 'Autonomie']","['Français', 'Anglais']","['Ancien Ingénieur DevOps', 'Stagiaire Ingénieur DevOps']",7,9
241,Richard,Julie,51,candidat,49.21894168015303,2.33364488076457,241,Data Scientist,Profil orienté tech. Je suis Data Scientist passionné(e) par la data et le code.,10,['Bac+2 Informatique'],"['Python', 'Docker', 'Linux']","['Autonomie', 'Leadership']","['Français', 'Anglais']","['Ancien Data Scientist', 'Stagiaire Data Scientist']",7,5
242,Martin,Nicolas,32,candidat,48.59696636690363,2.712657738810046,242,Chef de Projet IT,Profil orienté tech. Je suis Chef de Projet IT passionné(e) par la data et le code.,7,['Bac+2 Informatique'],"['Kubernetes', 'Pandas', 'React']","['Rigueur', ""Esprit d'équipe""]","['Français', 'Anglais']","['Ancien Chef de Projet IT', 'Stagiaire Chef de Projet IT']",6,6
243,Robert,Marie,35,candidat,48.737936622340605,2.1741567846372964,243,Développeur Fullstack,Profil orienté tech. Je suis Développeur Fullstack passionné(e) par la data et le code.,7,['Bac+2 Informatique'],"['AWS', 'Git', 'React']","['Autonomie', 'Adaptabilité']","['Français', 'Anglais']","['Ancien Développeur Fullstack', 'Stagiaire Développeur Fullstack']",8,5
244,Durand,Marie,52,candidat,49.213073382624145,2.810902874620826,244,Administrateur Réseaux,Profil orienté tech. Je suis Administrateur Réseaux passionné(e) par la data et le code.,13,['Licence Pro'],"['SQL', 'React', 'Scikit-Learn']","['Adaptabilité', 'Gestion du stress']","['Français', 'Anglais']","['Ancien Administrateur Réseaux', 'Stagiaire Administrateur Réseaux']",4,18
245,Thomas,Jean,46,candidat,49.11899544103055,2.0848671607702656,245,Designer UX/UI,Profil orienté tech. Je suis Designer UX/UI passionné(e) par la data et le code.,14,"[""Diplôme d'Ingénieur""]","['Scikit-Learn', 'SQL', 'Kubernetes']","['Leadership', 'Rigueur']","['Français', 'Anglais']","['Ancien Designer UX/UI', 'Stagiaire Designer UX/UI']",8,14
246,Martin,Paul,25,candidat,49.12865735252067,2.614886568613631,246,Ingénieur DevOps,Profil orienté tech. Je suis Ingénieur DevOps passionné(e) par la data et le code.,11,['Bac+2 Informatique'],"['Pandas', 'Git', 'Machine Learning']","['Adaptabilité', 'Rigueur']","['Français', 'Anglais']","['Ancien Ingénieur DevOps', 'Stagiaire Ingénieur DevOps']",6,9
247,Richard,Jean,52,candidat,49.25085308669196,2.6071739515799726,247,Administrateur Réseaux,Profil orienté tech. Je suis Administrateur Réseaux passionné(e) par la data et le code.,2,['Bac+2 Informatique'],"['Scikit-Learn', 'Linux', 'Machine Learning']","['Communication', 'Adaptabilité']","['Français', 'Anglais']","['Ancien Administrateur Réseaux', 'Stagiaire Administrateur Réseaux']",0,9
248,Bernard,Julie,32,candidat,49.35194341354687,2.670574651734932,248,Ingénieur DevOps,Profil orienté tech. Je suis Ingénieur DevOps passionné(e) par la data et le code.,7,['Master IA'],"['React', 'Scikit-Learn', 'Java']","['Communication', ""Esprit d'équipe""]","['Français', 'Anglais']","['Ancien Ingénieur DevOps', 'Stagiaire Ingénieur DevOps']",1,18
249,Durand,Emma,27,candidat,48.893981970728966,2.2706563142409393,249,Administrateur Réseaux,Profil orienté tech. Je suis Administrateur Réseaux passionné(e) par la data et le code.,8,['Bac+2 Informatique'],"['Scikit-Learn', 'Machine Learning', 'Kubernetes']","['Gestion du stress', 'Leadership']","['Français', 'Anglais']","['Ancien Administrateur Réseaux', 'Stagiaire Administrateur Réseaux']",0,12
250,Martin,Pierre,43,candidat,48.50810121818276,2.74645781923775,250,Chef de Projet IT,Profil orienté tech. Je suis Chef de Projet IT passionné(e) par la data et le code.,4,['Licence Pro'],"['Linux', 'Git', 'Python']","['Leadership', 'Autonomie']","['Français', 'Anglais']","['Ancien Chef de Projet IT', 'Stagiaire Chef de Projet IT']",7,7
251,Dubois,Luc,39,candidat,48.822505069554566,2.653045334462993,251,Ingénieur DevOps,Profil orienté tech. Je suis Ingénieur DevOps passionné(e) par la data et le code.,3,['Master IA'],"['Scikit-Learn', 'Python', 'Machine Learning']","['Gestion du stress', 'Communication']","['Français', 'Anglais']","['Ancien Ingénieur DevOps', 'Stagiaire Ingénieur DevOps']",2,7
252,Martin,Julie,59,candidat,48.439626974541135,2.1015098968887065,252,Designer UX/UI,Profil orienté tech. Je suis Designer UX/UI passionné(e) par la data et le code.,1,"[""Diplôme d'Ingénieur""]","['SQL', 'React', 'AWS']","[""Esprit d'équipe"", 'Communication']","['Français', 'Anglais']","['Ancien Designer UX/UI', 'Stagiaire Designer UX/UI']",1,19
253,Durand,Emma,41,candidat,48.84036999048492,2.55636774257765,253,Ingénieur DevOps,Profil orienté tech. Je suis Ingénieur DevOps passionné(e) par la data et le code.,3,['Bac+2 Informatique'],"['Java', 'Machine Learning', 'Python']","['Autonomie', 'Communication']","['Français', 'Anglais']","['Ancien Ingénieur DevOps', 'Stagiaire Ingénieur DevOps']",7,4
254,Bernard,Emma,39,candidat,49.05040226285756,2.3097661323696537,254,Développeur Fullstack,Profil orienté tech. Je suis Développeur Fullstack passionné(e) par la data et le code.,4,"[""Diplôme d'Ingénieur""]","['Docker', 'Pandas', 'Git']","['Rigueur', 'Gestion du stress']","['Français', 'Anglais']","['Ancien Développeur Fullstack', 'Stagiaire Développeur Fullstack']",4,6
255,Dubois,Jean,38,candidat,48.499584698132935,1.980580607640238,255,Data Scientist,Profil orienté tech. Je suis Data Scientist passionné(e) par la data et le code.,5,['Bac+2 Informatique'],"['Java', 'AWS', 'Git']","['Leadership', 'Adaptabilité']","['Français', 'Anglais']","['Ancien Data Scientist', 'Stagiaire Data Scientist']",3,1
256,Moreau,Julie,45,candidat,48.7520144276729,2.2100447603631235,256,Administrateur Réseaux,Profil orienté tech. Je suis Administrateur Réseaux passionné(e) par la data et le code.,9,['Doctorat'],"['React', 'Kubernetes', 'Python']","['Autonomie', 'Rigueur']","['Français', 'Anglais']","['Ancien Administrateur Réseaux', 'Stagiaire Administrateur Réseaux']",2,8
257,Moreau,Marie,56,candidat,48.69597248832475,2.838681898318426,257,Data Scientist,Profil orienté tech. Je suis Data Scientist passionné(e) par la data et le code.,11,['Licence Pro'],"['Python', 'Machine Learning', 'AWS']","['Autonomie', 'Gestion du stress']","['Français', 'Anglais']","['Ancien Data Scientist', 'Stagiaire Data Scientist']",2,17
258,Robert,Luc,46,candidat,48.705534341083805,1.881783971313958,258,Ingénieur DevOps,Profil orienté tech. Je suis Ingénieur DevOps passionné(e) par la data et le code.,5,"[""Diplôme d'Ingénieur""]","['Java', 'Pandas', 'Docker']","['Leadership', 'Autonomie']","['Français', 'Anglais']","['Ancien Ingénieur DevOps', 'Stagiaire Ingénieur DevOps']",2,2
259,Martin,Luc,57,candidat,48.48584292354649,2.738694230891695,259,Ingénieur DevOps,Profil orienté tech. Je suis Ingénieur DevOps passionné(e) par la data et le code.,5,['Master IA'],"['Python', 'Pandas', 'Linux']","['Communication', ""Esprit d'équipe""]","['Français', 'Anglais']","['Ancien Ingénieur DevOps', 'Stagiaire Ingénieur DevOps']",5,4
260,Thomas,Sophie,48,candidat,48.46708765091931,2.5586271616872818,260,Designer UX/UI,Profil orienté tech. Je suis Designer UX/UI passionné(e) par la data et le code.,13,['Licence Pro'],"['Linux', 'Machine Learning', 'SQL']","['Leadership', 'Gestion du stress']","['Français', 'Anglais']","['Ancien Designer UX/UI', 'Stagiaire Designer UX/UI']",8,3
261,Martin,Sophie,31,candidat,48.54162294865149,2.514435770433659,261,Expert Cybersécurité,Profil orienté tech. Je suis Expert Cybersécurité passionné(e) par la data et le code.,2,['Doctorat'],"['Java', 'AWS', 'Git']","['Gestion du stress', 'Adaptabilité']","['Français', 'Anglais']","['Ancien Expert Cybersécurité', 'Stagiaire Expert Cybersécurité']",9,4
262,Thomas,Julie,50,candidat,48.81324137878216,2.556577644822349,262,Expert Cybersécurité,Profil orienté tech. Je suis Expert Cybersécurité passionné(e) par la data et le code.,2,['Doctorat'],"['Java', 'Python', 'Machine Learning']","['Leadership', 'Rigueur']","['Français', 'Anglais']","['Ancien Expert Cybersécurité', 'Stagiaire Expert Cybersécurité']",0,14
263,Martin,Pierre,32,candidat,48.73264552170193,2.7899047096086846,263,Administrateur Réseaux,Profil orienté tech. Je suis Administrateur Réseaux passionné(e) par la data et le code.,13,['Master IA'],"['React', 'Kubernetes', 'Machine Learning']","['Gestion du stress', 'Autonomie']","['Français', 'Anglais']","['Ancien Administrateur Réseaux', 'Stagiaire Administrateur Réseaux']",4,9
264,Durand,Luc,48,candidat,48.83756101220199,2.3502253810945795,264,Chef de Projet IT,Profil orienté tech. Je suis Chef de Projet IT passionné(e) par la data et le code.,2,"[""Diplôme d'Ingénieur""]","['Scikit-Learn', 'Machine Learning', 'SQL']","['Autonomie', 'Communication']","['Français', 'Anglais']","['Ancien Chef de Projet IT', 'Stagiaire Chef de Projet IT']",6,19
265,Laurent,Sophie,37,candidat,49.27765006910161,2.6843774661965547,265,Data Scientist,Profil orienté tech. Je suis Data Scientist passionné(e) par la data et le code.,6,['Bac+2 Informatique'],"['Java', 'Docker', 'Kubernetes']","[""Esprit d'équipe"", 'Rigueur']","['Français', 'Anglais']","['Ancien Data Scientist', 'Stagiaire Data Scientist']",1,19
266,Martin,Paul,40,candidat,48.36081620296093,2.453933146741557,266,Data Scientist,Profil orienté tech. Je suis Data Scientist passionné(e) par la data et le code.,8,['Master IA'],"['AWS', 'Docker', 'SQL']","[""Esprit d'équipe"", 'Communication']","['Français', 'Anglais']","['Ancien Data Scientist', 'Stagiaire Data Scientist']",1,18
267,Petit,Paul,27,candidat,48.91151066757238,2.664587404270617,267,Administrateur Réseaux,Profil orienté tech. Je suis Administrateur Réseaux passionné(e) par la data et le code.,9,"[""Diplôme d'Ingénieur""]","['Java', 'Python', 'SQL']","['Leadership', 'Gestion du stress']","['Français', 'Anglais']","['Ancien Administrateur Réseaux', 'Stagiaire Administrateur Réseaux']",3,10
268,Robert,Marie,44,candidat,48.85983279729178,2.3855748943000306,268,Data Scientist,Profil orienté tech. Je suis Data Scientist passionné(e) par la data et le code.,3,"[""Diplôme d'Ingénieur""]","['Git', 'SQL', 'React']","['Leadership', ""Esprit d'équipe""]","['Français', 'Anglais']","['Ancien Data Scientist', 'Stagiaire Data Scientist']",8,9
269,Thomas,Nicolas,41,candidat,49.21160173021197,2.599103024283562,269,Designer UX/UI,Profil orienté tech. Je suis Designer UX/UI passionné(e) par la data et le code.,8,['Master IA'],"['Java', 'SQL', 'Scikit-Learn']","['Rigueur', ""Esprit d'équipe""]","['Français', 'Anglais']","['Ancien Designer UX/UI', 'Stagiaire Designer UX/UI']",3,2
270,Richard,Luc,37,candidat,49.21239083868335,2.2406974122927754,270,Ingénieur DevOps,Profil orienté tech. Je suis Ingénieur DevOps passionné(e) par la data et le code.,2,['Master IA'],"['Linux', 'Machine Learning', 'Python']","['Adaptabilité', 'Rigueur']","['Français', 'Anglais']","['Ancien Ingénieur DevOps', 'Stagiaire Ingénieur DevOps']",3,15
271,Dubois,Luc,33,candidat,48.90833066655877,1.863108303015594,271,Ingénieur DevOps,Profil orienté tech. Je suis Ingénieur DevOps passionné(e) par la data et le code.,4,['Master IA'],"['Scikit-Learn', 'Docker', 'Python']","['Gestion du stress', 'Autonomie']","['Français', 'Anglais']","['Ancien Ingénieur DevOps', 'Stagiaire Ingénieur DevOps']",6,10
272,Bernard,Camille,21,candidat,48.36909969813137,2.0379750362166096,272,Ingénieur DevOps,Profil orienté tech. Je suis Ingénieur DevOps passionné(e) par la data et le code.,6,['Master IA'],"['SQL', 'AWS', 'Git']","['Gestion du stress', ""Esprit d'équipe""]","['Français', 'Anglais']","['Ancien Ingénieur DevOps', 'Stagiaire Ingénieur DevOps']",4,5
273,Bernard,Marie,47,candidat,48.59548364177348,2.703023663075042,273,Designer UX/UI,Profil orienté tech. Je suis Designer UX/UI passionné(e) par la data et le code.,12,['Doctorat'],"['Kubernetes', 'Docker', 'Machine Learning']","['Rigueur', 'Autonomie']","['Français', 'Anglais']","['Ancien Designer UX/UI', 'Stagiaire Designer UX/UI']",7,19
274,Bernard,Jean,55,candidat,48.67827514152502,2.772010672056213,274,Designer UX/UI,Profil orienté tech. Je suis Designer UX/UI passionné(e) par la data et le code.,8,['Licence Pro'],"['Kubernetes', 'Java', 'AWS']","['Gestion du stress', ""Esprit d'équipe""]","['Français', 'Anglais']","['Ancien Designer UX/UI', 'Stagiaire Designer UX/UI']",3,10
275,Martin,Marie,53,candidat,48.36759264101212,2.281656606152477,275,Chef de Projet IT,Profil orienté tech. Je suis Chef de Projet IT passionné(e) par la data et le code.,7,['Bac+2 Informatique'],"['Machine Learning', 'SQL', 'Linux']","['Rigueur', ""Esprit d'équipe""]","['Français', 'Anglais']","['Ancien Chef de Projet IT', 'Stagiaire Chef de Projet IT']",7,9
276,Thomas,Pierre,28,candidat,48.639568156633814,2.3359494988266842,276,Administrateur Réseaux,Profil orienté tech. Je suis Administrateur Réseaux passionné(e) par la data et le code.,5,['Bac+2 Informatique'],"['Git', 'Machine Learning', 'Linux']","['Adaptabilité', ""Esprit d'équipe""]","['Français', 'Anglais']","['Ancien Administrateur Réseaux', 'Stagiaire Administrateur Réseaux']",7,11
277,Dubois,Jean,39,candidat,48.77690588101972,2.852006108113537,277,Administrateur Réseaux,Profil orienté tech. Je suis Administrateur Réseaux passionné(e) par la data et le code.,13,['Doctorat'],"['Pandas', 'Linux', 'Java']","[""Esprit d'équipe"", 'Gestion du stress']","['Français', 'Anglais']","['Ancien Administrateur Réseaux', 'Stagiaire Administrateur Réseaux']",6,3
278,Thomas,Nicolas,32,candidat,49.11682825078932,2.283448806880183,278,Administrateur Réseaux,Profil orienté tech. Je suis Administrateur Réseaux passionné(e) par la data et le code.,9,['Doctorat'],"['Scikit-Learn', 'Machine Learning', 'Docker']","['Adaptabilité', 'Leadership']","['Français', 'Anglais']","['Ancien Administrateur Réseaux', 'Stagiaire Administrateur Réseaux']",4,19
279,Richard,Jean,50,candidat,48.48091587636931,2.368317606747583,279,Data Scientist,Profil orienté tech. Je suis Data Scientist passionné(e) par la data et le code.,11,"[""Diplôme d'Ingénieur""]","['Kubernetes', 'Git', 'React']","[""Esprit d'équipe"", 'Gestion du stress']","['Français', 'Anglais']","['Ancien Data Scientist', 'Stagiaire Data Scientist']",4,8
280,Moreau,Sophie,26,candidat,49.03132534337244,2.212161842615266,280,Expert Cybersécurité,Profil orienté tech. Je suis Expert Cybersécurité passionné(e) par la data et le code.,0,['Master IA'],"['Python', 'Scikit-Learn', 'Java']","['Rigueur', ""Esprit d'équipe""]","['Français', 'Anglais']","['Ancien Expert Cybersécurité', 'Stagiaire Expert Cybersécurité']",5,18
281,Martin,Pierre,44,candidat,48.468523080622326,2.3037819144717178,281,Développeur Fullstack,Profil orienté tech. Je suis Développeur Fullstack passionné(e) par la data et le code.,13,"[""Diplôme d'Ingénieur""]","['Docker', 'Machine Learning', 'Scikit-Learn']","['Communication', 'Leadership']","['Français', 'Anglais']","['Ancien Développeur Fullstack', 'Stagiaire Développeur Fullstack']",5,14
282,Martin,Nicolas,38,candidat,48.699278626374955,1.9264683734846217,282,Chef de Projet IT,Profil orienté tech. Je suis Chef de Projet IT passionné(e) par la data et le code.,2,['Bac+2 Informatique'],"['Scikit-Learn', 'Python', 'Git']","['Autonomie', ""Esprit d'équipe""]","['Français', 'Anglais']","['Ancien Chef de Projet IT', 'Stagiaire Chef de Projet IT']",6,9
283,Martin,Sophie,56,candidat,49.292522746411294,2.732557704849266,283,Data Scientist,Profil orienté tech. Je suis Data Scientist passionné(e) par la data et le code.,8,['Doctorat'],"['React', 'AWS', 'Git']","[""Esprit d'équipe"", 'Adaptabilité']","['Français', 'Anglais']","['Ancien Data Scientist', 'Stagiaire Data Scientist']",1,14
284,Martin,Pierre,51,candidat,48.421702285639505,2.287444951854878,284,Data Scientist,Profil orienté tech. Je suis Data Scientist passionné(e) par la data et le code.,3,['Bac+2 Informatique'],"['Machine Learning', 'Kubernetes', 'Git']","['Communication', 'Autonomie']","['Français', 'Anglais']","['Ancien Data Scientist', 'Stagiaire Data Scientist']",5,17
285,Durand,Marie,23,candidat,48.48303662741934,2.5891052093659708,285,Designer UX/UI,Profil orienté tech. Je suis Designer UX/UI passionné(e) par la data et le code.,5,['Licence Pro'],"['SQL', 'AWS', 'React']","['Communication', 'Autonomie']","['Français', 'Anglais']","['Ancien Designer UX/UI', 'Stagiaire Designer UX/UI']",7,13
286,Martin,Pierre,25,candidat,49.23010132796471,2.4749941308461354,286,Chef de Projet IT,Profil orienté tech. Je suis Chef de Projet IT passionné(e) par la data et le code.,6,['Master IA'],"['SQL', 'React', 'Python']","['Gestion du stress', 'Leadership']","['Français', 'Anglais']","['Ancien Chef de Projet IT', 'Stagiaire Chef de Projet IT']",4,2
287,Thomas,Nicolas,45,candidat,49.186019597505094,2.636043684591586,287,Développeur Fullstack,Profil orienté tech. Je suis Développeur Fullstack passionné(e) par la data et le code.,1,"[""Diplôme d'Ingénieur""]","['Java', 'Scikit-Learn', 'Docker']","['Autonomie', 'Rigueur']","['Français', 'Anglais']","['Ancien Développeur Fullstack', 'Stagiaire Développeur Fullstack']",4,0
288,Richard,Sophie,33,candidat,48.77230829484791,2.2711010034272903,288,Développeur Fullstack,Profil orienté tech. Je suis Développeur Fullstack passionné(e) par la data et le code.,13,['Licence Pro'],"['Git', 'Linux', 'React']","['Communication', 'Rigueur']","['Français', 'Anglais']","['Ancien Développeur Fullstack', 'Stagiaire Développeur Fullstack']",0,12
289,Robert,Emma,56,candidat,49.241418843422615,2.362354186600187,289,Data Scientist,Profil orienté tech. Je suis Data Scientist passionné(e) par la data et le code.,10,['Doctorat'],"['Java', 'React', 'AWS']","['Leadership', 'Autonomie']","['Français', 'Anglais']","['Ancien Data Scientist', 'Stagiaire Data Scientist']",9,3
290,Petit,Julie,40,candidat,48.658252710073825,1.9358792078918623,290,Ingénieur DevOps,Profil orienté tech. Je suis Ingénieur DevOps passionné(e) par la data et le code.,4,['Master IA'],"['Machine Learning', 'Docker', 'React']","['Communication', 'Autonomie']","['Français', 'Anglais']","['Ancien Ingénieur DevOps', 'Stagiaire Ingénieur DevOps']",3,4
291,Robert,Emma,52,candidat,48.3684433892867,2.817671980905006,291,Data Scientist,Profil orienté tech. Je suis Data Scientist passionné(e) par la data et le code.,6,['Bac+2 Informatique'],"['Scikit-Learn', 'Docker', 'Machine Learning']","['Communication', 'Rigueur']","['Français', 'Anglais']","['Ancien Data Scientist', 'Stagiaire Data Scientist']",9,10
292,Martin,Luc,42,candidat,48.79930978756946,2.8284164572429242,292,Développeur Fullstack,Profil orienté tech. Je suis Développeur Fullstack passionné(e) par la data et le code.,1,['Bac+2 Informatique'],"['Java', 'Kubernetes', 'React']","[""Esprit d'équipe"", 'Gestion du stress']","['Français', 'Anglais']","['Ancien Développeur Fullstack', 'Stagiaire Développeur Fullstack']",4,12
293,Durand,Paul,39,candidat,48.45546034012896,2.724941789712739,293,Expert Cybersécurité,Profil orienté tech. Je suis Expert Cybersécurité passionné(e) par la data et le code.,8,['Doctorat'],"['Git', 'Scikit-Learn', 'AWS']","['Autonomie', ""Esprit d'équipe""]","['Français', 'Anglais']","['Ancien Expert Cybersécurité', 'Stagiaire Expert Cybersécurité']",6,14
294,Dubois,Emma,42,candidat,49.23481550710224,2.6186016868368496,294,Développeur Fullstack,Profil orienté tech. Je suis Développeur Fullstack passionné(e) par la data et le code.,10,['Bac+2 Informatique'],"['Kubernetes', 'Scikit-Learn', 'Linux']","['Rigueur', 'Gestion du stress']","['Français', 'Anglais']","['Ancien Développeur Fullstack', 'Stagiaire Développeur Fullstack']",9,5
295,Dubois,Camille,43,candidat,48.654734084557894,2.252631191711635,295,Ingénieur DevOps,Profil orienté tech. Je suis Ingénieur DevOps passionné(e) par la data et le code.,10,['Doctorat'],"['Machine Learning', 'Python', 'Java']","['Adaptabilité', 'Autonomie']","['Français', 'Anglais']","['Ancien Ingénieur DevOps', 'Stagiaire Ingénieur DevOps']",6,14
296,Petit,Marie,25,candidat,49.3091769297107,2.517848585860336,296,Designer UX/UI,Profil orienté tech. Je suis Designer UX/UI passionné(e) par la data et le code.,4,['Bac+2 Informatique'],"['React', 'Kubernetes', 'Docker']","['Adaptabilité', 'Rigueur']","['Français', 'Anglais']","['Ancien Designer UX/UI', 'Stagiaire Designer UX/UI']",5,11
297,Martin,Emma,25,candidat,48.786968341984526,1.8746085879963257,297,Développeur Fullstack,Profil orienté tech. Je suis Développeur Fullstack passionné(e) par la data et le code.,9,['Licence Pro'],"['Machine Learning', 'React', 'Python']","['Gestion du stress', 'Adaptabilité']","['Français', 'Anglais']","['Ancien Développeur Fullstack', 'Stagiaire Développeur Fullstack']",6,18
298,Dubois,Paul,43,candidat,49.34206334086878,2.0198673260287454,298,Chef de Projet IT,Profil orienté tech. Je suis Chef de Projet IT passionné(e) par la data et le code.,13,"[""Diplôme d'Ingénieur""]","['Pandas', 'Machine Learning', 'Java']","['Communication', 'Adaptabilité']","['Français', 'Anglais']","['Ancien Chef de Projet IT', 'Stagiaire Chef de Projet IT']",4,12
299,Petit,Pierre,49,candidat,48.748151546237416,2.1684575113679547,299,Expert Cybersécurité,Profil orienté tech. Je suis Expert Cybersécurité passionné(e) par la data et le code.,6,['Doctorat'],"['Linux', 'Java', 'AWS']","['Rigueur', 'Gestion du stress']","['Français', 'Anglais']","['Ancien Expert Cybersécurité', 'Stagiaire Expert Cybersécurité']",1,8
300,Petit,Luc,57,candidat,49.00435652902224,2.257701649266029,300,Designer UX/UI,Profil orienté tech. Je suis Designer UX/UI passionné(e) par la data et le code.,8,['Licence Pro'],"['Python', 'SQL', 'React']","[""Esprit d'équipe"", 'Autonomie']","['Français', 'Anglais']","['Ancien Designer UX/UI', 'Stagiaire Designer UX/UI']",5,7
301,Dubois,Luc,34,candidat,48.51819383621284,1.8927901579105761,301,Administrateur Réseaux,Profil orienté tech. Je suis Administrateur Réseaux passionné(e) par la data et le code.,10,"[""Diplôme d'Ingénieur""]","['Git', 'Scikit-Learn', 'SQL']","[""Esprit d'équipe"", 'Autonomie']","['Français', 'Anglais']","['Ancien Administrateur Réseaux', 'Stagiaire Administrateur Réseaux']",5,0
302,Richard,Emma,29,candidat,48.797049313692,2.1638565778783336,302,Développeur Fullstack,Profil orienté tech. Je suis Développeur Fullstack passionné(e) par la data et le code.,0,['Doctorat'],"['Kubernetes', 'React', 'Machine Learning']","['Adaptabilité', 'Gestion du stress']","['Français', 'Anglais']","['Ancien Développeur Fullstack', 'Stagiaire Développeur Fullstack']",3,6
303,Laurent,Marie,51,candidat,49.263847080670445,2.77473488191571,303,Ingénieur DevOps,Profil orienté tech. Je suis Ingénieur DevOps passionné(e) par la data et le code.,6,['Bac+2 Informatique'],"['Git', 'Scikit-Learn', 'Python']","['Autonomie', 'Communication']","['Français', 'Anglais']","['Ancien Ingénieur DevOps', 'Stagiaire Ingénieur DevOps']",1,9
304,Laurent,Camille,56,candidat,48.56575470965355,2.43680580170662,304,Administrateur Réseaux,Profil orienté tech. Je suis Administrateur Réseaux passionné(e) par la data et le code.,8,['Licence Pro'],"['Python', 'Java', 'SQL']","[""Esprit d'équipe"", 'Communication']","['Français', 'Anglais']","['Ancien Administrateur Réseaux', 'Stagiaire Administrateur Réseaux']",4,11
305,Durand,Paul,38,candidat,48.63789059649078,2.006413289520318,305,Développeur Fullstack,Profil orienté tech. Je suis Développeur Fullstack passionné(e) par la data et le code.,12,"[""Diplôme d'Ingénieur""]","['Java', 'Pandas', 'Scikit-Learn']","['Gestion du stress', 'Adaptabilité']","['Français', 'Anglais']","['Ancien Développeur Fullstack', 'Stagiaire Développeur Fullstack']",2,3
306,Robert,Camille,28,candidat,49.35221510860719,2.348870284194067,306,Expert Cybersécurité,Profil orienté tech. Je suis Expert Cybersécurité passionné(e) par la data et le code.,2,['Bac+2 Informatique'],"['React', 'AWS', 'Docker']","['Communication', 'Gestion du stress']","['Français', 'Anglais']","['Ancien Expert Cybersécurité', 'Stagiaire Expert Cybersécurité']",5,9
307,Moreau,Nicolas,56,candidat,49.14646696751782,2.0010080966614403,307,Chef de Projet IT,Profil orienté tech. Je suis Chef de Projet IT passionné(e) par la data et le code.,12,['Doctorat'],"['Docker', 'SQL', 'Git']","['Leadership', 'Gestion du stress']","['Français', 'Anglais']","['Ancien Chef de Projet IT', 'Stagiaire Chef de Projet IT']",6,12
308,Dubois,Jean,48,candidat,48.764579422227364,2.349045488055966,308,Ingénieur DevOps,Profil orienté tech. Je suis Ingénieur DevOps passionné(e) par la data et le code.,2,['Bac+2 Informatique'],"['Docker', 'Python', 'SQL']","['Communication', 'Autonomie']","['Français', 'Anglais']","['Ancien Ingénieur DevOps', 'Stagiaire Ingénieur DevOps']",5,5
309,Petit,Nicolas,50,candidat,48.65498061428886,1.9278863212444317,309,Data Scientist,Profil orienté tech. Je suis Data Scientist passionné(e) par la data et le code.,10,['Bac+2 Informatique'],"['Docker', 'Linux', 'Python']","['Adaptabilité', 'Communication']","['Français', 'Anglais']","['Ancien Data Scientist', 'Stagiaire Data Scientist']",3,11
310,Durand,Nicolas,44,candidat,49.15834018266007,2.655116098950981,310,Développeur Fullstack,Profil orienté tech. Je suis Développeur Fullstack passionné(e) par la data et le code.,4,['Licence Pro'],"['Kubernetes', 'Scikit-Learn', 'React']","['Leadership', ""Esprit d'équipe""]","['Français', 'Anglais']","['Ancien Développeur Fullstack', 'Stagiaire Développeur Fullstack']",6,4
311,Richard,Luc,28,candidat,48.900798258853065,2.7721574442015497,311,Développeur Fullstack,Profil orienté tech. Je suis Développeur Fullstack passionné(e) par la data et le code.,1,['Bac+2 Informatique'],"['Pandas', 'Git', 'Linux']","['Leadership', ""Esprit d'équipe""]","['Français', 'Anglais']","['Ancien Développeur Fullstack', 'Stagiaire Développeur Fullstack']",1,17
312,Thomas,Luc,58,candidat,49.26147678658992,2.7015219175301777,312,Data Scientist,Profil orienté tech. Je suis Data Scientist passionné(e) par la data et le code.,14,['Master IA'],"['AWS', 'Python', 'Docker']","['Communication', 'Leadership']","['Français', 'Anglais']","['Ancien Data Scientist', 'Stagiaire Data Scientist']",0,7
313,Dubois,Jean,29,candidat,49.31496922783885,2.3066108668157614,313,Chef de Projet IT,Profil orienté tech. Je suis Chef de Projet IT passionné(e) par la data et le code.,5,['Licence Pro'],"['SQL', 'Python', 'Kubernetes']","['Rigueur', 'Gestion du stress']","['Français', 'Anglais']","['Ancien Chef de Projet IT', 'Stagiaire Chef de Projet IT']",4,10
314,Robert,Julie,56,candidat,49.28460340190241,2.664067137490064,314,Administrateur Réseaux,Profil orienté tech. Je suis Administrateur Réseaux passionné(e) par la data et le code.,3,['Doctorat'],"['Git', 'Machine Learning', 'AWS']","['Communication', 'Leadership']","['Français', 'Anglais']","['Ancien Administrateur Réseaux', 'Stagiaire Administrateur Réseaux']",0,7
315,Bernard,Pierre,23,candidat,49.17993370839142,2.244257754109273,315,Chef de Projet IT,Profil orienté tech. Je suis Chef de Projet IT passionné(e) par la data et le code.,11,['Master IA'],"['AWS', 'Kubernetes', 'Pandas']","['Communication', 'Adaptabilité']","['Français', 'Anglais']","['Ancien Chef de Projet IT', 'Stagiaire Chef de Projet IT']",5,6
316,Thomas,Julie,46,candidat,48.82797206563508,2.2896811757932602,316,Data Scientist,Profil orienté tech. Je suis Data Scientist passionné(e) par la data et le code.,5,"[""Diplôme d'Ingénieur""]","['Git', 'Kubernetes', 'Docker']","['Autonomie', 'Adaptabilité']","['Français', 'Anglais']","['Ancien Data Scientist', 'Stagiaire Data Scientist']",6,13
317,Thomas,Jean,31,candidat,48.62791316471566,2.0865700592942016,317,Data Scientist,Profil orienté tech. Je suis Data Scientist passionné(e) par la data et le code.,10,['Doctorat'],"['Python', 'AWS', 'Linux']","['Adaptabilité', 'Gestion du stress']","['Français', 'Anglais']","['Ancien Data Scientist', 'Stagiaire Data Scientist']",4,1
318,Thomas,Camille,48,candidat,49.31083029700902,1.9457508698294477,318,Expert Cybersécurité,Profil orienté tech. Je suis Expert Cybersécurité passionné(e) par la data et le code.,2,['Doctorat'],"['Kubernetes', 'SQL', 'Pandas']","['Autonomie', 'Rigueur']","['Français', 'Anglais']","['Ancien Expert Cybersécurité', 'Stagiaire Expert Cybersécurité']",9,10
319,Moreau,Camille,51,candidat,49.048211527688,2.850068957096072,319,Ingénieur DevOps,Profil orienté tech. Je suis Ingénieur DevOps passionné(e) par la data et le code.,0,['Licence Pro'],"['Machine Learning', 'Kubernetes', 'Pandas']","['Leadership', 'Rigueur']","['Français', 'Anglais']","['Ancien Ingénieur DevOps', 'Stagiaire Ingénieur DevOps']",8,15
320,Dubois,Paul,35,candidat,48.70587257235119,2.1962840214471706,320,Ingénieur DevOps,Profil orienté tech. Je suis Ingénieur DevOps passionné(e) par la data et le code.,1,['Master IA'],"['React', 'Kubernetes', 'AWS']","['Adaptabilité', 'Rigueur']","['Français', 'Anglais']","['Ancien Ingénieur DevOps', 'Stagiaire Ingénieur DevOps']",7,15
321,Moreau,Emma,59,candidat,49.04346704942768,2.601994009462119,321,Ingénieur DevOps,Profil orienté tech. Je suis Ingénieur DevOps passionné(e) par la data et le code.,9,['Master IA'],"['Git', 'Docker', 'Machine Learning']","[""Esprit d'équipe"", 'Rigueur']","['Français', 'Anglais']","['Ancien Ingénieur DevOps', 'Stagiaire Ingénieur DevOps']",8,16
322,Martin,Julie,23,candidat,48.728859109502864,2.3927940623035964,322,Ingénieur DevOps,Profil orienté tech. Je suis Ingénieur DevOps passionné(e) par la data et le code.,5,['Master IA'],"['Pandas', 'Kubernetes', 'Git']","['Leadership', 'Rigueur']","['Français', 'Anglais']","['Ancien Ingénieur DevOps', 'Stagiaire Ingénieur DevOps']",4,16
323,Martin,Jean,40,candidat,48.421395070526465,2.5528421440453517,323,Expert Cybersécurité,Profil orienté tech. Je suis Expert Cybersécurité passionné(e) par la data et le code.,4,['Doctorat'],"['Scikit-Learn', 'Kubernetes', 'Machine Learning']","['Rigueur', 'Gestion du stress']","['Français', 'Anglais']","['Ancien Expert Cybersécurité', 'Stagiaire Expert Cybersécurité']",9,13
324,Petit,Sophie,42,candidat,48.38038203948318,2.0534480248008347,324,Administrateur Réseaux,Profil orienté tech. Je suis Administrateur Réseaux passionné(e) par la data et le code.,12,"[""Diplôme d'Ingénieur""]","['Git', 'AWS', 'Linux']","['Adaptabilité', ""Esprit d'équipe""]","['Français', 'Anglais']","['Ancien Administrateur Réseaux', 'Stagiaire Administrateur Réseaux']",0,0
325,Thomas,Julie,22,candidat,48.78745073987808,2.1974410074734188,325,Développeur Fullstack,Profil orienté tech. Je suis Développeur Fullstack passionné(e) par la data et le code.,8,"[""Diplôme d'Ingénieur""]","['Java', 'Git', 'AWS']","['Adaptabilité', 'Communication']","['Français', 'Anglais']","['Ancien Développeur Fullstack', 'Stagiaire Développeur Fullstack']",6,10
326,Dubois,Paul,33,candidat,48.89065225493116,2.379815672411536,326,Administrateur Réseaux,Profil orienté tech. Je suis Administrateur Réseaux passionné(e) par la data et le code.,4,['Master IA'],"['Pandas', 'Java', 'Python']","['Leadership', ""Esprit d'équipe""]","['Français', 'Anglais']","['Ancien Administrateur Réseaux', 'Stagiaire Administrateur Réseaux']",5,2
327,Bernard,Jean,29,candidat,48.51186279984996,2.329598542606587,327,Data Scientist,Profil orienté tech. Je suis Data Scientist passionné(e) par la data et le code.,9,['Doctorat'],"['Docker', 'Python', 'AWS']","['Autonomie', 'Rigueur']","['Français', 'Anglais']","['Ancien Data Scientist', 'Stagiaire Data Scientist']",4,12
328,Bernard,Pierre,30,candidat,48.492691563217974,2.62463109456366,328,Chef de Projet IT,Profil orienté tech. Je suis Chef de Projet IT passionné(e) par la data et le code.,10,['Licence Pro'],"['Docker', 'AWS', 'Pandas']","['Gestion du stress', ""Esprit d'équipe""]","['Français', 'Anglais']","['Ancien Chef de Projet IT', 'Stagiaire Chef de Projet IT']",6,6
329,Bernard,Camille,34,candidat,49.262387584872485,2.5376788028145354,329,Développeur Fullstack,Profil orienté tech. Je suis Développeur Fullstack passionné(e) par la data et le code.,1,['Doctorat'],"['Pandas', 'SQL', 'Scikit-Learn']","[""Esprit d'équipe"", 'Autonomie']","['Français', 'Anglais']","['Ancien Développeur Fullstack', 'Stagiaire Développeur Fullstack']",3,8
330,Bernard,Paul,20,candidat,48.52860519918812,2.800886561718879,330,Chef de Projet IT,Profil orienté tech. Je suis Chef de Projet IT passionné(e) par la data et le code.,8,['Licence Pro'],"['Kubernetes', 'Docker', 'AWS']","[""Esprit d'équipe"", 'Adaptabilité']","['Français', 'Anglais']","['Ancien Chef de Projet IT', 'Stagiaire Chef de Projet IT']",7,10
331,Robert,Jean,58,candidat,48.3622335520704,2.638030902263873,331,Ingénieur DevOps,Profil orienté tech. Je suis Ingénieur DevOps passionné(e) par la data et le code.,1,['Master IA'],"['React', 'Git', 'Pandas']","['Communication', ""Esprit d'équipe""]","['Français', 'Anglais']","['Ancien Ingénieur DevOps', 'Stagiaire Ingénieur DevOps']",8,15
332,Petit,Marie,50,candidat,48.756893496440675,1.9271099214391594,332,Ingénieur DevOps,Profil orienté tech. Je suis Ingénieur DevOps passionné(e) par la data et le code.,9,"[""Diplôme d'Ingénieur""]","['Pandas', 'Kubernetes', 'Linux']","[""Esprit d'équipe"", 'Autonomie']","['Français', 'Anglais']","['Ancien Ingénieur DevOps', 'Stagiaire Ingénieur DevOps']",6,15
333,Laurent,Nicolas,44,candidat,48.90580836402202,2.7097715100645052,333,Ingénieur DevOps,Profil orienté tech. Je suis Ingénieur DevOps passionné(e) par la data et le code.,2,['Licence Pro'],"['Linux', 'Pandas', 'Kubernetes']","[""Esprit d'équipe"", 'Autonomie']","['Français', 'Anglais']","['Ancien Ingénieur DevOps', 'Stagiaire Ingénieur DevOps']",3,9
334,Thomas,Marie,53,candidat,49.19420246695942,2.0746070992811574,334,Ingénieur DevOps,Profil orienté tech. Je suis Ingénieur DevOps passionné(e) par la data et le code.,0,"[""Diplôme d'Ingénieur""]","['Linux', 'Python', 'Pandas']","['Adaptabilité', 'Gestion du stress']","['Français', 'Anglais']","['Ancien Ingénieur DevOps', 'Stagiaire Ingénieur DevOps']",3,12
335,Laurent,Jean,45,candidat,48.690197987092056,2.492065267163195,335,Administrateur Réseaux,Profil orienté tech. Je suis Administrateur Réseaux passionné(e) par la data et le code.,5,['Bac+2 Informatique'],"['Kubernetes', 'Java', 'Pandas']","['Communication', 'Autonomie']","['Français', 'Anglais']","['Ancien Administrateur Réseaux', 'Stagiaire Administrateur Réseaux']",5,5
336,Moreau,Jean,54,candidat,49.141172715549416,1.9147893575272865,336,Data Scientist,Profil orienté tech. Je suis Data Scientist passionné(e) par la data et le code.,2,['Bac+2 Informatique'],"['Pandas', 'Python', 'AWS']","['Autonomie', 'Communication']","['Français', 'Anglais']","['Ancien Data Scientist', 'Stagiaire Data Scientist']",2,1
337,Durand,Emma,58,candidat,49.15692114057571,2.2268096385082474,337,Administrateur Réseaux,Profil orienté tech. Je suis Administrateur Réseaux passionné(e) par la data et le code.,5,['Licence Pro'],"['Java', 'Git', 'Scikit-Learn']","['Leadership', 'Autonomie']","['Français', 'Anglais']","['Ancien Administrateur Réseaux', 'Stagiaire Administrateur Réseaux']",6,16
338,Durand,Marie,32,candidat,49.19179844904405,2.5944461396533853,338,Administrateur Réseaux,Profil orienté tech. Je suis Administrateur Réseaux passionné(e) par la data et le code.,6,['Licence Pro'],"['Pandas', 'Machine Learning', 'Linux']","['Leadership', 'Gestion du stress']","['Français', 'Anglais']","['Ancien Administrateur Réseaux', 'Stagiaire Administrateur Réseaux']",8,13
339,Robert,Paul,50,candidat,48.90134556167528,1.8570033162748496,339,Ingénieur DevOps,Profil orienté tech. Je suis Ingénieur DevOps passionné(e) par la data et le code.,13,['Bac+2 Informatique'],"['Docker', 'Pandas', 'Git']","['Leadership', 'Rigueur']","['Français', 'Anglais']","['Ancien Ingénieur DevOps', 'Stagiaire Ingénieur DevOps']",8,6
340,Dubois,Marie,32,candidat,48.64206293093114,2.5493839610153515,340,Développeur Fullstack,Profil orienté tech. Je suis Développeur Fullstack passionné(e) par la data et le code.,6,"[""Diplôme d'Ingénieur""]","['Docker', 'Machine Learning', 'AWS']","['Leadership', 'Autonomie']","['Français', 'Anglais']","['Ancien Développeur Fullstack', 'Stagiaire Développeur Fullstack']",3,16
341,Moreau,Pierre,35,candidat,49.16303357463856,2.0052807045050525,341,Développeur Fullstack,Profil orienté tech. Je suis Développeur Fullstack passionné(e) par la data et le code.,6,['Licence Pro'],"['SQL', 'Scikit-Learn', 'Pandas']","['Rigueur', 'Adaptabilité']","['Français', 'Anglais']","['Ancien Développeur Fullstack', 'Stagiaire Développeur Fullstack']",7,8
342,Moreau,Camille,42,candidat,49.317492269070705,2.3410605664891375,342,Ingénieur DevOps,Profil orienté tech. Je suis Ingénieur DevOps passionné(e) par la data et le code.,9,"[""Diplôme d'Ingénieur""]","['Git', 'AWS', 'Linux']","['Adaptabilité', 'Leadership']","['Français', 'Anglais']","['Ancien Ingénieur DevOps', 'Stagiaire Ingénieur DevOps']",6,1
343,Bernard,Camille,29,candidat,49.261285076431456,2.021304659614619,343,Chef de Projet IT,Profil orienté tech. Je suis Chef de Projet IT passionné(e) par la data et le code.,11,['Doctorat'],"['SQL', 'Linux', 'Git']","['Rigueur', ""Esprit d'équipe""]","['Français', 'Anglais']","['Ancien Chef de Projet IT', 'Stagiaire Chef de Projet IT']",2,1
344,Petit,Julie,52,candidat,49.104463148143886,2.5135601286862324,344,Développeur Fullstack,Profil orienté tech. Je suis Développeur Fullstack passionné(e) par la data et le code.,9,"[""Diplôme d'Ingénieur""]","['Java', 'Docker', 'Kubernetes']","['Communication', 'Gestion du stress']","['Français', 'Anglais']","['Ancien Développeur Fullstack', 'Stagiaire Développeur Fullstack']",8,17
345,Laurent,Julie,37,candidat,48.43953066456353,2.201562972020933,345,Administrateur Réseaux,Profil orienté tech. Je suis Administrateur Réseaux passionné(e) par la data et le code.,4,['Bac+2 Informatique'],"['SQL', 'Linux', 'Git']","[""Esprit d'équipe"", 'Communication']","['Français', 'Anglais']","['Ancien Administrateur Réseaux', 'Stagiaire Administrateur Réseaux']",3,14
346,Robert,Pierre,44,candidat,49.0436117887322,1.8804001462408688,346,Administrateur Réseaux,Profil orienté tech. Je suis Administrateur Réseaux passionné(e) par la data et le code.,4,['Licence Pro'],"['Linux', 'Pandas', 'React']","['Leadership', 'Gestion du stress']","['Français', 'Anglais']","['Ancien Administrateur Réseaux', 'Stagiaire Administrateur Réseaux']",1,2
347,Dubois,Pierre,20,candidat,48.43040627665376,2.157991855324451,347,Expert Cybersécurité,Profil orienté tech. Je suis Expert Cybersécurité passionné(e) par la data et le code.,11,['Licence Pro'],"['Git', 'Docker', 'Scikit-Learn']","['Communication', 'Gestion du stress']","['Français', 'Anglais']","['Ancien Expert Cybersécurité', 'Stagiaire Expert Cybersécurité']",5,16
348,Robert,Pierre,42,candidat,48.77103330798479,2.209758605411145,348,Ingénieur DevOps,Profil orienté tech. Je suis Ingénieur DevOps passionné(e) par la data et le code.,6,['Doctorat'],"['Docker', 'Linux', 'Java']","['Autonomie', 'Gestion du stress']","['Français', 'Anglais']","['Ancien Ingénieur DevOps', 'Stagiaire Ingénieur DevOps']",2,12
349,Laurent,Jean,24,candidat,48.471318042467075,2.7401348031411628,349,Administrateur Réseaux,Profil orienté tech. Je suis Administrateur Réseaux passionné(e) par la data et le code.,7,['Bac+2 Informatique'],"['Kubernetes', 'Git', 'Linux']","[""Esprit d'équipe"", 'Autonomie']","['Français', 'Anglais']","['Ancien Administrateur Réseaux', 'Stagiaire Administrateur Réseaux']",6,19
350,Durand,Paul,59,candidat,48.77866285861002,2.152858677698359,350,Designer UX/UI,Profil orienté tech. Je suis Designer UX/UI passionné(e) par la data et le code.,1,"[""Diplôme d'Ingénieur""]","['AWS', 'Scikit-Learn', 'Java']","['Gestion du stress', 'Autonomie']","['Français', 'Anglais']","['Ancien Designer UX/UI', 'Stagiaire Designer UX/UI']",4,13
351,Richard,Jean,53,candidat,48.64801488744974,1.8928314589323907,351,Expert Cybersécurité,Profil orienté tech. Je suis Expert Cybersécurité passionné(e) par la data et le code.,4,['Master IA'],"['Java', 'Git', 'Python']","[""Esprit d'équipe"", 'Rigueur']","['Français', 'Anglais']","['Ancien Expert Cybersécurité', 'Stagiaire Expert Cybersécurité']",1,5
352,Richard,Emma,25,candidat,49.32345752284467,2.170529512731064,352,Designer UX/UI,Profil orienté tech. Je suis Designer UX/UI passionné(e) par la data et le code.,3,"[""Diplôme d'Ingénieur""]","['Linux', 'Scikit-Learn', 'Python']","['Communication', 'Adaptabilité']","['Français', 'Anglais']","['Ancien Designer UX/UI', 'Stagiaire Designer UX/UI']",6,12
353,Robert,Marie,26,candidat,48.65192379505447,2.4318893833290316,353,Chef de Projet IT,Profil orienté tech. Je suis Chef de Projet IT passionné(e) par la data et le code.,0,['Licence Pro'],"['Machine Learning', 'Python', 'Linux']","['Communication', 'Gestion du stress']","['Français', 'Anglais']","['Ancien Chef de Projet IT', 'Stagiaire Chef de Projet IT']",3,9
354,Thomas,Jean,41,candidat,48.394795654627,2.238082233030407,354,Développeur Fullstack,Profil orienté tech. Je suis Développeur Fullstack passionné(e) par la data et le code.,5,['Bac+2 Informatique'],"['SQL', 'Pandas', 'Git']","[""Esprit d'équipe"", 'Communication']","['Français', 'Anglais']","['Ancien Développeur Fullstack', 'Stagiaire Développeur Fullstack']",2,14
355,Martin,Nicolas,44,candidat,48.97660529155667,2.2810643199165854,355,Expert Cybersécurité,Profil orienté tech. Je suis Expert Cybersécurité passionné(e) par la data et le code.,3,['Doctorat'],"['Python', 'AWS', 'Docker']","[""Esprit d'équipe"", 'Autonomie']","['Français', 'Anglais']","['Ancien Expert Cybersécurité', 'Stagiaire Expert Cybersécurité']",6,10
356,Bernard,Julie,41,candidat,49.04961427775969,2.456748902584271,356,Designer UX/UI,Profil orienté tech. Je suis Designer UX/UI passionné(e) par la data et le code.,14,"[""Diplôme d'Ingénieur""]","['Kubernetes', 'Scikit-Learn', 'SQL']","['Autonomie', 'Adaptabilité']","['Français', 'Anglais']","['Ancien Designer UX/UI', 'Stagiaire Designer UX/UI']",4,7
357,Thomas,Emma,26,candidat,48.709468189084426,1.9879814365132367,357,Chef de Projet IT,Profil orienté tech. Je suis Chef de Projet IT passionné(e) par la data et le code.,11,['Bac+2 Informatique'],"['Machine Learning', 'Java', 'React']","['Gestion du stress', ""Esprit d'équipe""]","['Français', 'Anglais']","['Ancien Chef de Projet IT', 'Stagiaire Chef de Projet IT']",4,3
358,Bernard,Julie,53,candidat,48.47217591599064,2.6885745633204694,358,Data Scientist,Profil orienté tech. Je suis Data Scientist passionné(e) par la data et le code.,13,['Bac+2 Informatique'],"['AWS', 'Java', 'Python']","['Autonomie', 'Adaptabilité']","['Français', 'Anglais']","['Ancien Data Scientist', 'Stagiaire Data Scientist']",3,13
359,Dubois,Marie,43,candidat,49.2205898157472,2.130268618214359,359,Designer UX/UI,Profil orienté tech. Je suis Designer UX/UI passionné(e) par la data et le code.,10,"[""Diplôme d'Ingénieur""]","['Docker', 'Pandas', 'Kubernetes']","['Leadership', 'Rigueur']","['Français', 'Anglais']","['Ancien Designer UX/UI', 'Stagiaire Designer UX/UI']",0,17
360,Robert,Julie,46,candidat,48.814421930648614,2.5447094270939004,360,Ingénieur DevOps,Profil orienté tech. Je suis Ingénieur DevOps passionné(e) par la data et le code.,11,['Bac+2 Informatique'],"['Git', 'AWS', 'Python']","['Communication', 'Rigueur']","['Français', 'Anglais']","['Ancien Ingénieur DevOps', 'Stagiaire Ingénieur DevOps']",0,1
361,Richard,Pierre,42,candidat,48.813259599869205,2.5182188155035865,361,Administrateur Réseaux,Profil orienté tech. Je suis Administrateur Réseaux passionné(e) par la data et le code.,14,['Bac+2 Informatique'],"['Kubernetes', 'Python', 'Pandas']","[""Esprit d'équipe"", 'Gestion du stress']","['Français', 'Anglais']","['Ancien Administrateur Réseaux', 'Stagiaire Administrateur Réseaux']",7,7
362,Moreau,Emma,20,candidat,48.766278832717504,2.822938729574056,362,Administrateur Réseaux,Profil orienté tech. Je suis Administrateur Réseaux passionné(e) par la data et le code.,14,['Doctorat'],"['Scikit-Learn', 'Python', 'Kubernetes']","['Rigueur', 'Gestion du stress']","['Français', 'Anglais']","['Ancien Administrateur Réseaux', 'Stagiaire Administrateur Réseaux']",1,5
363,Durand,Marie,53,candidat,48.724273406061975,2.2006928329472357,363,Data Scientist,Profil orienté tech. Je suis Data Scientist passionné(e) par la data et le code.,10,"[""Diplôme d'Ingénieur""]","['Pandas', 'Linux', 'Docker']","['Autonomie', 'Communication']","['Français', 'Anglais']","['Ancien Data Scientist', 'Stagiaire Data Scientist']",0,18
364,Robert,Paul,59,candidat,48.517062239925835,2.6491292967099933,364,Designer UX/UI,Profil orienté tech. Je suis Designer UX/UI passionné(e) par la data et le code.,12,['Master IA'],"['Machine Learning', 'Python', 'React']","[""Esprit d'équipe"", 'Communication']","['Français', 'Anglais']","['Ancien Designer UX/UI', 'Stagiaire Designer UX/UI']",4,15
365,Moreau,Nicolas,39,candidat,48.752653232504414,2.6501230521367485,365,Expert Cybersécurité,Profil orienté tech. Je suis Expert Cybersécurité passionné(e) par la data et le code.,0,['Master IA'],"['Java', 'Machine Learning', 'Pandas']","['Leadership', 'Gestion du stress']","['Français', 'Anglais']","['Ancien Expert Cybersécurité', 'Stagiaire Expert Cybersécurité']",1,4
366,Durand,Julie,54,candidat,48.638548203301625,2.7637622555511205,366,Développeur Fullstack,Profil orienté tech. Je suis Développeur Fullstack passionné(e) par la data et le code.,0,['Bac+2 Informatique'],"['Scikit-Learn', 'Java', 'SQL']","[""Esprit d'équipe"", 'Leadership']","['Français', 'Anglais']","['Ancien Développeur Fullstack', 'Stagiaire Développeur Fullstack']",2,2
367,Laurent,Nicolas,32,candidat,49.00225440574089,2.1649931204603288,367,Développeur Fullstack,Profil orienté tech. Je suis Développeur Fullstack passionné(e) par la data et le code.,3,"[""Diplôme d'Ingénieur""]","['Pandas', 'Scikit-Learn', 'Python']","['Adaptabilité', 'Communication']","['Français', 'Anglais']","['Ancien Développeur Fullstack', 'Stagiaire Développeur Fullstack']",3,4
368,Durand,Jean,29,candidat,48.396630421729064,2.1572742095577713,368,Data Scientist,Profil orienté tech. Je suis Data Scientist passionné(e) par la data et le code.,5,"[""Diplôme d'Ingénieur""]","['Git', 'Docker', 'Pandas']","['Communication', ""Esprit d'équipe""]","['Français', 'Anglais']","['Ancien Data Scientist', 'Stagiaire Data Scientist']",2,3
369,Robert,Jean,32,candidat,49.33823700406546,2.732107268044099,369,Chef de Projet IT,Profil orienté tech. Je suis Chef de Projet IT passionné(e) par la data et le code.,6,['Master IA'],"['Python', 'Git', 'React']","['Gestion du stress', 'Adaptabilité']","['Français', 'Anglais']","['Ancien Chef de Projet IT', 'Stagiaire Chef de Projet IT']",7,3
370,Laurent,Emma,35,candidat,48.99778613445646,2.6486706151150816,370,Développeur Fullstack,Profil orienté tech. Je suis Développeur Fullstack passionné(e) par la data et le code.,10,['Master IA'],"['SQL', 'Scikit-Learn', 'Python']","['Rigueur', 'Adaptabilité']","['Français', 'Anglais']","['Ancien Développeur Fullstack', 'Stagiaire Développeur Fullstack']",1,17
371,Robert,Marie,49,candidat,48.57153014699995,2.342487304856153,371,Développeur Fullstack,Profil orienté tech. Je suis Développeur Fullstack passionné(e) par la data et le code.,7,['Bac+2 Informatique'],"['Scikit-Learn', 'Docker', 'Linux']","['Autonomie', 'Communication']","['Français', 'Anglais']","['Ancien Développeur Fullstack', 'Stagiaire Développeur Fullstack']",9,9
372,Martin,Julie,55,candidat,48.40238941832018,2.244324662094252,372,Développeur Fullstack,Profil orienté tech. Je suis Développeur Fullstack passionné(e) par la data et le code.,2,['Licence Pro'],"['Kubernetes', 'Scikit-Learn', 'Linux']","['Leadership', 'Gestion du stress']","['Français', 'Anglais']","['Ancien Développeur Fullstack', 'Stagiaire Développeur Fullstack']",2,2
373,Petit,Camille,37,candidat,48.6540131986458,1.9338430532412236,373,Ingénieur DevOps,Profil orienté tech. Je suis Ingénieur DevOps passionné(e) par la data et le code.,10,"[""Diplôme d'Ingénieur""]","['Machine Learning', 'Git', 'Linux']","['Communication', ""Esprit d'équipe""]","['Français', 'Anglais']","['Ancien Ingénieur DevOps', 'Stagiaire Ingénieur DevOps']",5,9
374,Moreau,Sophie,36,candidat,49.08834048593468,2.822097292233618,374,Expert Cybersécurité,Profil orienté tech. Je suis Expert Cybersécurité passionné(e) par la data et le code.,4,['Master IA'],"['Machine Learning', 'React', 'AWS']","['Gestion du stress', 'Autonomie']","['Français', 'Anglais']","['Ancien Expert Cybersécurité', 'Stagiaire Expert Cybersécurité']",3,0
375,Bernard,Luc,50,candidat,48.696356500683976,2.4493317181213214,375,Designer UX/UI,Profil orienté tech. Je suis Designer UX/UI passionné(e) par la data et le code.,13,['Master IA'],"['AWS', 'Pandas', 'React']","[""Esprit d'équipe"", 'Rigueur']","['Français', 'Anglais']","['Ancien Designer UX/UI', 'Stagiaire Designer UX/UI']",6,15
376,Durand,Pierre,32,candidat,49.21469625471994,2.5901517302574075,376,Chef de Projet IT,Profil orienté tech. Je suis Chef de Projet IT passionné(e) par la data et le code.,7,['Licence Pro'],"['AWS', 'Java', 'Linux']","[""Esprit d'équipe"", 'Adaptabilité']","['Français', 'Anglais']","['Ancien Chef de Projet IT', 'Stagiaire Chef de Projet IT']",3,15
377,Richard,Jean,20,candidat,48.93857147346766,2.12606668183639,377,Expert Cybersécurité,Profil orienté tech. Je suis Expert Cybersécurité passionné(e) par la data et le code.,11,"[""Diplôme d'Ingénieur""]","['Docker', 'AWS', 'Pandas']","['Leadership', 'Communication']","['Français', 'Anglais']","['Ancien Expert Cybersécurité', 'Stagiaire Expert Cybersécurité']",8,12
378,Richard,Jean,55,candidat,48.3757446376226,2.5432434218522086,378,Administrateur Réseaux,Profil orienté tech. Je suis Administrateur Réseaux passionné(e) par la data et le code.,8,['Master IA'],"['Pandas', 'Scikit-Learn', 'Python']","['Communication', 'Adaptabilité']","['Français', 'Anglais']","['Ancien Administrateur Réseaux', 'Stagiaire Administrateur Réseaux']",6,19
379,Petit,Julie,32,candidat,48.46823050473424,2.048878385733274,379,Data Scientist,Profil orienté tech. Je suis Data Scientist passionné(e) par la data et le code.,6,['Bac+2 Informatique'],"['Git', 'AWS', 'Pandas']","['Gestion du stress', 'Rigueur']","['Français', 'Anglais']","['Ancien Data Scientist', 'Stagiaire Data Scientist']",4,19
380,Petit,Paul,36,candidat,48.37125667607971,2.0376940049209495,380,Chef de Projet IT,Profil orienté tech. Je suis Chef de Projet IT passionné(e) par la data et le code.,14,['Licence Pro'],"['Scikit-Learn', 'Kubernetes', 'Machine Learning']","['Communication', 'Gestion du stress']","['Français', 'Anglais']","['Ancien Chef de Projet IT', 'Stagiaire Chef de Projet IT']",3,9
381,Thomas,Emma,26,candidat,48.845485869834164,2.425480036981165,381,Administrateur Réseaux,Profil orienté tech. Je suis Administrateur Réseaux passionné(e) par la data et le code.,0,['Bac+2 Informatique'],"['Pandas', 'Git', 'React']","['Communication', ""Esprit d'équipe""]","['Français', 'Anglais']","['Ancien Administrateur Réseaux', 'Stagiaire Administrateur Réseaux']",5,4
382,Martin,Paul,31,candidat,48.7155081794612,2.1182739147582903,382,Expert Cybersécurité,Profil orienté tech. Je suis Expert Cybersécurité passionné(e) par la data et le code.,3,['Licence Pro'],"['React', 'Pandas', 'Docker']","[""Esprit d'équipe"", 'Autonomie']","['Français', 'Anglais']","['Ancien Expert Cybersécurité', 'Stagiaire Expert Cybersécurité']",5,9
383,Bernard,Pierre,36,candidat,48.423313149963725,1.8563585588968965,383,Ingénieur DevOps,Profil orienté tech. Je suis Ingénieur DevOps passionné(e) par la data et le code.,2,['Bac+2 Informatique'],"['Docker', 'Git', 'React']","['Gestion du stress', 'Autonomie']","['Français', 'Anglais']","['Ancien Ingénieur DevOps', 'Stagiaire Ingénieur DevOps']",0,12
384,Thomas,Sophie,51,candidat,49.315950896017334,2.455548223466045,384,Développeur Fullstack,Profil orienté tech. Je suis Développeur Fullstack passionné(e) par la data et le code.,11,['Master IA'],"['Scikit-Learn', 'Machine Learning', 'Docker']","['Autonomie', 'Rigueur']","['Français', 'Anglais']","['Ancien Développeur Fullstack', 'Stagiaire Développeur Fullstack']",3,19
385,Moreau,Jean,31,candidat,48.812225870293894,2.4406406517937187,385,Data Scientist,Profil orienté tech. Je suis Data Scientist passionné(e) par la data et le code.,0,['Bac+2 Informatique'],"['Scikit-Learn', 'Python', 'Kubernetes']","['Adaptabilité', 'Leadership']","['Français', 'Anglais']","['Ancien Data Scientist', 'Stagiaire Data Scientist']",0,18
386,Richard,Emma,58,candidat,48.668389180640645,1.8920612930858915,386,Ingénieur DevOps,Profil orienté tech. Je suis Ingénieur DevOps passionné(e) par la data et le code.,6,['Doctorat'],"['React', 'Scikit-Learn', 'AWS']","['Autonomie', 'Adaptabilité']","['Français', 'Anglais']","['Ancien Ingénieur DevOps', 'Stagiaire Ingénieur DevOps']",7,19
387,Martin,Sophie,35,candidat,49.096019974981225,2.2078448294651647,387,Designer UX/UI,Profil orienté tech. Je suis Designer UX/UI passionné(e) par la data et le code.,9,"[""Diplôme d'Ingénieur""]","['Git', 'Linux', 'Kubernetes']","['Leadership', 'Rigueur']","['Français', 'Anglais']","['Ancien Designer UX/UI', 'Stagiaire Designer UX/UI']",1,8
388,Dubois,Pierre,30,candidat,48.9409919485107,2.541328112419027,388,Expert Cybersécurité,Profil orienté tech. Je suis Expert Cybersécurité passionné(e) par la data et le code.,9,['Master IA'],"['Linux', 'SQL', 'Machine Learning']","[""Esprit d'équipe"", 'Leadership']","['Français', 'Anglais']","['Ancien Expert Cybersécurité', 'Stagiaire Expert Cybersécurité']",4,1
389,Petit,Emma,43,candidat,49.05465672788044,2.007373853759246,389,Designer UX/UI,Profil orienté tech. Je suis Designer UX/UI passionné(e) par la data et le code.,1,['Master IA'],"['Scikit-Learn', 'Kubernetes', 'Pandas']","['Leadership', 'Adaptabilité']","['Français', 'Anglais']","['Ancien Designer UX/UI', 'Stagiaire Designer UX/UI']",5,0
390,Durand,Sophie,28,candidat,48.691464561726605,2.4963290601185775,390,Développeur Fullstack,Profil orienté tech. Je suis Développeur Fullstack passionné(e) par la data et le code.,11,['Doctorat'],"['Linux', 'SQL', 'Python']","['Rigueur', ""Esprit d'équipe""]","['Français', 'Anglais']","['Ancien Développeur Fullstack', 'Stagiaire Développeur Fullstack']",3,17
391,Thomas,Sophie,50,candidat,48.58714525713429,2.211855762145394,391,Designer UX/UI,Profil orienté tech. Je suis Designer UX/UI passionné(e) par la data et le code.,12,"[""Diplôme d'Ingénieur""]","['Scikit-Learn', 'Git', 'SQL']","['Rigueur', 'Communication']","['Français', 'Anglais']","['Ancien Designer UX/UI', 'Stagiaire Designer UX/UI']",7,8
392,Martin,Luc,26,candidat,49.231069207229176,2.8463848566670618,392,Expert Cybersécurité,Profil orienté tech. Je suis Expert Cybersécurité passionné(e) par la data et le code.,3,['Master IA'],"['Python', 'React', 'Scikit-Learn']","['Leadership', 'Autonomie']","['Français', 'Anglais']","['Ancien Expert Cybersécurité', 'Stagiaire Expert Cybersécurité']",1,8
393,Martin,Pierre,31,candidat,48.58656528853466,2.1608211795900565,393,Développeur Fullstack,Profil orienté tech. Je suis Développeur Fullstack passionné(e) par la data et le code.,7,"[""Diplôme d'Ingénieur""]","['Pandas', 'Machine Learning', 'Linux']","[""Esprit d'équipe"", 'Adaptabilité']","['Français', 'Anglais']","['Ancien Développeur Fullstack', 'Stagiaire Développeur Fullstack']",1,12
394,Moreau,Marie,41,candidat,48.60367759294256,1.9107499956928427,394,Designer UX/UI,Profil orienté tech. Je suis Designer UX/UI passionné(e) par la data et le code.,11,['Doctorat'],"['Python', 'Scikit-Learn', 'AWS']","['Autonomie', 'Gestion du stress']","['Français', 'Anglais']","['Ancien Designer UX/UI', 'Stagiaire Designer UX/UI']",0,16
395,Robert,Marie,39,candidat,48.96110501133461,2.4066406658232786,395,Ingénieur DevOps,Profil orienté tech. Je suis Ingénieur DevOps passionné(e) par la data et le code.,0,['Licence Pro'],"['Scikit-Learn', 'Java', 'Machine Learning']","['Autonomie', 'Leadership']","['Français', 'Anglais']","['Ancien Ingénieur DevOps', 'Stagiaire Ingénieur DevOps']",2,15
396,Thomas,Nicolas,54,candidat,48.994013058723866,1.8577890393741074,396,Ingénieur DevOps,Profil orienté tech. Je suis Ingénieur DevOps passionné(e) par la data et le code.,13,['Master IA'],"['Java', 'Machine Learning', 'Scikit-Learn']","['Autonomie', ""Esprit d'équipe""]","['Français', 'Anglais']","['Ancien Ingénieur DevOps', 'Stagiaire Ingénieur DevOps']",3,5
397,Bernard,Sophie,47,candidat,48.9309725395203,2.245115507489441,397,Ingénieur DevOps,Profil orienté tech. Je suis Ingénieur DevOps passionné(e) par la data et le code.,2,"[""Diplôme d'Ingénieur""]","['Pandas', 'Linux', 'React']","['Adaptabilité', 'Communication']","['Français', 'Anglais']","['Ancien Ingénieur DevOps', 'Stagiaire Ingénieur DevOps']",9,0
398,Martin,Nicolas,24,candidat,49.175492470476826,2.6624711888637,398,Administrateur Réseaux,Profil orienté tech. Je suis Administrateur Réseaux passionné(e) par la data et le code.,5,['Bac+2 Informatique'],"['Git', 'Linux', 'Java']","['Communication', 'Autonomie']","['Français', 'Anglais']","['Ancien Administrateur Réseaux', 'Stagiaire Administrateur Réseaux']",9,9
399,Thomas,Jean,47,candidat,49.354245170949554,2.5070066322773217,399,Data Scientist,Profil orienté tech. Je suis Data Scientist passionné(e) par la data et le code.,5,['Licence Pro'],"['Java', 'SQL', 'Kubernetes']","['Adaptabilité', 'Gestion du stress']","['Français', 'Anglais']","['Ancien Data Scientist', 'Stagiaire Data Scientist']",1,3
400,Laurent,Luc,54,candidat,49.34719252737619,2.319893865318548,400,Administrateur Réseaux,Profil orienté tech. Je suis Administrateur Réseaux passionné(e) par la data et le code.,6,"[""Diplôme d'Ingénieur""]","['AWS', 'Linux', 'Pandas']","['Communication', 'Autonomie']","['Français', 'Anglais']","['Ancien Administrateur Réseaux', 'Stagiaire Administrateur Réseaux']",6,17
401,Dubois,Pierre,29,candidat,48.775594698457255,2.3946037706580356,401,Ingénieur DevOps,Profil orienté tech. Je suis Ingénieur DevOps passionné(e) par la data et le code.,10,['Doctorat'],"['Git', 'Scikit-Learn', 'Pandas']","[""Esprit d'équipe"", 'Leadership']","['Français', 'Anglais']","['Ancien Ingénieur DevOps', 'Stagiaire Ingénieur DevOps']",7,15
402,Martin,Pierre,54,candidat,49.02654746257743,2.4864642936765815,402,Chef de Projet IT,Profil orienté tech. Je suis Chef de Projet IT passionné(e) par la data et le code.,13,['Licence Pro'],"['React', 'SQL', 'Java']","['Adaptabilité', 'Gestion du stress']","['Français', 'Anglais']","['Ancien Chef de Projet IT', 'Stagiaire Chef de Projet IT']",5,8
403,Dubois,Sophie,43,candidat,49.34696260132078,2.206868222496182,403,Administrateur Réseaux,Profil orienté tech. Je suis Administrateur Réseaux passionné(e) par la data et le code.,13,['Master IA'],"['Python', 'React', 'Linux']","['Autonomie', 'Communication']","['Français', 'Anglais']","['Ancien Administrateur Réseaux', 'Stagiaire Administrateur Réseaux']",7,2
404,Durand,Camille,34,candidat,49.19131622128753,2.815722369916206,404,Ingénieur DevOps,Profil orienté tech. Je suis Ingénieur DevOps passionné(e) par la data et le code.,4,"[""Diplôme d'Ingénieur""]","['React', 'Python', 'Git']","['Rigueur', 'Leadership']","['Français', 'Anglais']","['Ancien Ingénieur DevOps', 'Stagiaire Ingénieur DevOps']",1,17
405,Richard,Paul,32,candidat,48.6015153954299,2.2365911820751956,405,Data Scientist,Profil orienté tech. Je suis Data Scientist passionné(e) par la data et le code.,5,['Bac+2 Informatique'],"['Docker', 'Pandas', 'React']","['Communication', 'Adaptabilité']","['Français', 'Anglais']","['Ancien Data Scientist', 'Stagiaire Data Scientist']",1,1
406,Thomas,Paul,22,candidat,48.48346702357513,2.748251847102738,406,Chef de Projet IT,Profil orienté tech. Je suis Chef de Projet IT passionné(e) par la data et le code.,11,['Bac+2 Informatique'],"['SQL', 'Linux', 'Kubernetes']","['Autonomie', 'Communication']","['Français', 'Anglais']","['Ancien Chef de Projet IT', 'Stagiaire Chef de Projet IT']",3,10
407,Martin,Camille,34,candidat,48.629552333011475,2.7532467857044,407,Expert Cybersécurité,Profil orienté tech. Je suis Expert Cybersécurité passionné(e) par la data et le code.,6,['Master IA'],"['Git', 'Python', 'Java']","['Leadership', 'Rigueur']","['Français', 'Anglais']","['Ancien Expert Cybersécurité', 'Stagiaire Expert Cybersécurité']",2,9
408,Dubois,Nicolas,45,candidat,48.781030608077025,2.0105296452352306,408,Développeur Fullstack,Profil orienté tech. Je suis Développeur Fullstack passionné(e) par la data et le code.,11,['Bac+2 Informatique'],"['Python', 'Linux', 'Git']","['Leadership', ""Esprit d'équipe""]","['Français', 'Anglais']","['Ancien Développeur Fullstack', 'Stagiaire Développeur Fullstack']",3,2
409,Martin,Paul,58,candidat,48.5502316794218,2.7351477785325704,409,Chef de Projet IT,Profil orienté tech. Je suis Chef de Projet IT passionné(e) par la data et le code.,9,"[""Diplôme d'Ingénieur""]","['AWS', 'SQL', 'Scikit-Learn']","[""Esprit d'équipe"", 'Leadership']","['Français', 'Anglais']","['Ancien Chef de Projet IT', 'Stagiaire Chef de Projet IT']",6,5
410,Petit,Nicolas,34,candidat,48.5078082501154,2.3087129109701405,410,Administrateur Réseaux,Profil orienté tech. Je suis Administrateur Réseaux passionné(e) par la data et le code.,8,['Doctorat'],"['Java', 'Python', 'Scikit-Learn']","['Autonomie', 'Leadership']","['Français', 'Anglais']","['Ancien Administrateur Réseaux', 'Stagiaire Administrateur Réseaux']",1,4
411,Dubois,Jean,31,candidat,48.600610800773026,2.5140924715272597,411,Administrateur Réseaux,Profil orienté tech. Je suis Administrateur Réseaux passionné(e) par la data et le code.,6,['Licence Pro'],"['Docker', 'Java', 'SQL']","['Leadership', 'Communication']","['Français', 'Anglais']","['Ancien Administrateur Réseaux', 'Stagiaire Administrateur Réseaux']",6,15
412,Bernard,Marie,26,candidat,49.0919858830439,2.758494840539023,412,Expert Cybersécurité,Profil orienté tech. Je suis Expert Cybersécurité passionné(e) par la data et le code.,4,['Licence Pro'],"['SQL', 'AWS', 'Linux']","['Gestion du stress', 'Rigueur']","['Français', 'Anglais']","['Ancien Expert Cybersécurité', 'Stagiaire Expert Cybersécurité']",4,4
413,Thomas,Sophie,49,candidat,48.40338758608301,2.59995159619195,413,Chef de Projet IT,Profil orienté tech. Je suis Chef de Projet IT passionné(e) par la data et le code.,13,['Bac+2 Informatique'],"['Python', 'Linux', 'Kubernetes']","['Communication', ""Esprit d'équipe""]","['Français', 'Anglais']","['Ancien Chef de Projet IT', 'Stagiaire Chef de Projet IT']",1,5
414,Robert,Marie,36,candidat,48.55622891066749,2.7429570539420904,414,Ingénieur DevOps,Profil orienté tech. Je suis Ingénieur DevOps passionné(e) par la data et le code.,13,['Master IA'],"['Machine Learning', 'Java', 'Python']","['Gestion du stress', 'Rigueur']","['Français', 'Anglais']","['Ancien Ingénieur DevOps', 'Stagiaire Ingénieur DevOps']",9,4
415,Laurent,Camille,51,candidat,48.534083736542755,2.18676418523232,415,Ingénieur DevOps,Profil orienté tech. Je suis Ingénieur DevOps passionné(e) par la data et le code.,0,['Doctorat'],"['Kubernetes', 'Scikit-Learn', 'Machine Learning']","['Adaptabilité', 'Leadership']","['Français', 'Anglais']","['Ancien Ingénieur DevOps', 'Stagiaire Ingénieur DevOps']",9,0
416,Durand,Camille,40,candidat,49.33191909363609,2.769822871963565,416,Expert Cybersécurité,Profil orienté tech. Je suis Expert Cybersécurité passionné(e) par la data et le code.,13,"[""Diplôme d'Ingénieur""]","['Linux', 'Docker', 'Kubernetes']","['Autonomie', ""Esprit d'équipe""]","['Français', 'Anglais']","['Ancien Expert Cybersécurité', 'Stagiaire Expert Cybersécurité']",9,5
417,Petit,Julie,38,candidat,48.66122478143688,2.6879050588950446,417,Expert Cybersécurité,Profil orienté tech. Je suis Expert Cybersécurité passionné(e) par la data et le code.,14,['Master IA'],"['Java', 'SQL', 'Git']","['Leadership', 'Rigueur']","['Français', 'Anglais']","['Ancien Expert Cybersécurité', 'Stagiaire Expert Cybersécurité']",3,13
418,Richard,Julie,31,candidat,48.78108961068337,2.1497688093860443,418,Développeur Fullstack,Profil orienté tech. Je suis Développeur Fullstack passionné(e) par la data et le code.,3,['Master IA'],"['Machine Learning', 'Python', 'Git']","['Communication', 'Adaptabilité']","['Français', 'Anglais']","['Ancien Développeur Fullstack', 'Stagiaire Développeur Fullstack']",4,7
419,Laurent,Emma,27,candidat,49.19649711594354,2.4015496018350437,419,Administrateur Réseaux,Profil orienté tech. Je suis Administrateur Réseaux passionné(e) par la data et le code.,3,['Bac+2 Informatique'],"['AWS', 'Docker', 'SQL']","['Communication', 'Adaptabilité']","['Français', 'Anglais']","['Ancien Administrateur Réseaux', 'Stagiaire Administrateur Réseaux']",8,7
420,Durand,Marie,45,candidat,48.69776117070308,1.9475137468152601,420,Designer UX/UI,Profil orienté tech. Je suis Designer UX/UI passionné(e) par la data et le code.,12,['Licence Pro'],"['React', 'Pandas', 'Linux']","['Gestion du stress', 'Adaptabilité']","['Français', 'Anglais']","['Ancien Designer UX/UI', 'Stagiaire Designer UX/UI']",0,3
421,Martin,Julie,43,candidat,48.70758178826881,2.1622321929590695,421,Ingénieur DevOps,Profil orienté tech. Je suis Ingénieur DevOps passionné(e) par la data et le code.,0,['Bac+2 Informatique'],"['React', 'Linux', 'Git']","['Communication', 'Autonomie']","['Français', 'Anglais']","['Ancien Ingénieur DevOps', 'Stagiaire Ingénieur DevOps']",8,17
422,Robert,Marie,46,candidat,48.93147479445919,2.5719862846045665,422,Chef de Projet IT,Profil orienté tech. Je suis Chef de Projet IT passionné(e) par la data et le code.,3,['Licence Pro'],"['AWS', 'Python', 'Machine Learning']","['Adaptabilité', ""Esprit d'équipe""]","['Français', 'Anglais']","['Ancien Chef de Projet IT', 'Stagiaire Chef de Projet IT']",7,7
423,Dubois,Camille,51,candidat,48.43761317445883,2.547956392371347,423,Développeur Fullstack,Profil orienté tech. Je suis Développeur Fullstack passionné(e) par la data et le code.,3,['Licence Pro'],"['Machine Learning', 'React', 'Pandas']","['Autonomie', 'Communication']","['Français', 'Anglais']","['Ancien Développeur Fullstack', 'Stagiaire Développeur Fullstack']",7,16
424,Petit,Jean,38,candidat,48.90389253450162,2.2427472879767256,424,Designer UX/UI,Profil orienté tech. Je suis Designer UX/UI passionné(e) par la data et le code.,3,['Doctorat'],"['Python', 'Java', 'Docker']","['Communication', 'Gestion du stress']","['Français', 'Anglais']","['Ancien Designer UX/UI', 'Stagiaire Designer UX/UI']",7,3
425,Martin,Julie,20,candidat,49.17651362672251,1.894615355531483,425,Administrateur Réseaux,Profil orienté tech. Je suis Administrateur Réseaux passionné(e) par la data et le code.,2,['Licence Pro'],"['Python', 'Kubernetes', 'Docker']","[""Esprit d'équipe"", 'Gestion du stress']","['Français', 'Anglais']","['Ancien Administrateur Réseaux', 'Stagiaire Administrateur Réseaux']",3,13
426,Dubois,Camille,28,candidat,49.00595533152073,2.6240390320202636,426,Designer UX/UI,Profil orienté tech. Je suis Designer UX/UI passionné(e) par la data et le code.,1,['Doctorat'],"['Git', 'Pandas', 'SQL']","['Rigueur', 'Gestion du stress']","['Français', 'Anglais']","['Ancien Designer UX/UI', 'Stagiaire Designer UX/UI']",1,16
427,Petit,Marie,26,candidat,48.615936196106375,2.028004674055366,427,Ingénieur DevOps,Profil orienté tech. Je suis Ingénieur DevOps passionné(e) par la data et le code.,10,['Doctorat'],"['SQL', 'Linux', 'Docker']","['Communication', 'Leadership']","['Français', 'Anglais']","['Ancien Ingénieur DevOps', 'Stagiaire Ingénieur DevOps']",5,9
428,Bernard,Luc,52,candidat,49.124101830845404,2.2853319248488955,428,Ingénieur DevOps,Profil orienté tech. Je suis Ingénieur DevOps passionné(e) par la data et le code.,12,['Bac+2 Informatique'],"['Docker', 'React', 'Kubernetes']","['Adaptabilité', 'Rigueur']","['Français', 'Anglais']","['Ancien Ingénieur DevOps', 'Stagiaire Ingénieur DevOps']",5,7
429,Laurent,Pierre,45,candidat,48.641356694845825,2.3561404307833476,429,Designer UX/UI,Profil orienté tech. Je suis Designer UX/UI passionné(e) par la data et le code.,7,['Master IA'],"['AWS', 'Docker', 'Python']","[""Esprit d'équipe"", 'Rigueur']","['Français', 'Anglais']","['Ancien Designer UX/UI', 'Stagiaire Designer UX/UI']",2,16
430,Richard,Marie,48,candidat,49.12259904366612,2.5267363268622836,430,Chef de Projet IT,Profil orienté tech. Je suis Chef de Projet IT passionné(e) par la data et le code.,8,['Master IA'],"['AWS', 'Docker', 'Pandas']","[""Esprit d'équipe"", 'Leadership']","['Français', 'Anglais']","['Ancien Chef de Projet IT', 'Stagiaire Chef de Projet IT']",3,5
431,Durand,Luc,39,candidat,49.043394360541605,2.069905457133805,431,Développeur Fullstack,Profil orienté tech. Je suis Développeur Fullstack passionné(e) par la data et le code.,7,['Licence Pro'],"['Git', 'React', 'Python']","['Communication', ""Esprit d'équipe""]","['Français', 'Anglais']","['Ancien Développeur Fullstack', 'Stagiaire Développeur Fullstack']",7,2
432,Petit,Camille,46,candidat,49.05879101216343,2.289818931341057,432,Designer UX/UI,Profil orienté tech. Je suis Designer UX/UI passionné(e) par la data et le code.,12,['Master IA'],"['Python', 'Java', 'Machine Learning']","['Gestion du stress', 'Adaptabilité']","['Français', 'Anglais']","['Ancien Designer UX/UI', 'Stagiaire Designer UX/UI']",5,15
433,Durand,Camille,40,candidat,49.29111749566963,2.416803749033704,433,Développeur Fullstack,Profil orienté tech. Je suis Développeur Fullstack passionné(e) par la data et le code.,7,"[""Diplôme d'Ingénieur""]","['Linux', 'AWS', 'Pandas']","[""Esprit d'équipe"", 'Rigueur']","['Français', 'Anglais']","['Ancien Développeur Fullstack', 'Stagiaire Développeur Fullstack']",4,18
434,Robert,Marie,29,candidat,48.42556399648538,2.273102670221328,434,Développeur Fullstack,Profil orienté tech. Je suis Développeur Fullstack passionné(e) par la data et le code.,2,['Master IA'],"['React', 'Java', 'Machine Learning']","['Communication', 'Gestion du stress']","['Français', 'Anglais']","['Ancien Développeur Fullstack', 'Stagiaire Développeur Fullstack']",0,19
435,Richard,Pierre,46,candidat,49.29912548060151,2.3066093472700007,435,Expert Cybersécurité,Profil orienté tech. Je suis Expert Cybersécurité passionné(e) par la data et le code.,6,"[""Diplôme d'Ingénieur""]","['Machine Learning', 'Java', 'Pandas']","['Rigueur', 'Communication']","['Français', 'Anglais']","['Ancien Expert Cybersécurité', 'Stagiaire Expert Cybersécurité']",6,9
436,Thomas,Luc,58,candidat,48.69984115178752,2.149686681167114,436,Data Scientist,Profil orienté tech. Je suis Data Scientist passionné(e) par la data et le code.,3,['Doctorat'],"['Pandas', 'Docker', 'AWS']","[""Esprit d'équipe"", 'Adaptabilité']","['Français', 'Anglais']","['Ancien Data Scientist', 'Stagiaire Data Scientist']",5,16
437,Petit,Jean,46,candidat,48.39912344706579,2.5472327441388347,437,Expert Cybersécurité,Profil orienté tech. Je suis Expert Cybersécurité passionné(e) par la data et le code.,14,['Master IA'],"['Linux', 'AWS', 'Docker']","['Adaptabilité', 'Gestion du stress']","['Français', 'Anglais']","['Ancien Expert Cybersécurité', 'Stagiaire Expert Cybersécurité']",1,7
438,Moreau,Sophie,39,candidat,49.33794042453254,2.024812744558023,438,Administrateur Réseaux,Profil orienté tech. Je suis Administrateur Réseaux passionné(e) par la data et le code.,0,['Bac+2 Informatique'],"['Java', 'Machine Learning', 'Linux']","[""Esprit d'équipe"", 'Leadership']","['Français', 'Anglais']","['Ancien Administrateur Réseaux', 'Stagiaire Administrateur Réseaux']",8,6
439,Laurent,Pierre,23,candidat,48.45415618088726,1.8653758126297053,439,Chef de Projet IT,Profil orienté tech. Je suis Chef de Projet IT passionné(e) par la data et le code.,9,"[""Diplôme d'Ingénieur""]","['Linux', 'Scikit-Learn', 'SQL']","['Autonomie', 'Gestion du stress']","['Français', 'Anglais']","['Ancien Chef de Projet IT', 'Stagiaire Chef de Projet IT']",5,6
440,Laurent,Julie,50,candidat,48.71738402740162,2.0456767006086705,440,Ingénieur DevOps,Profil orienté tech. Je suis Ingénieur DevOps passionné(e) par la data et le code.,12,['Licence Pro'],"['AWS', 'Docker', 'Java']","['Rigueur', 'Autonomie']","['Français', 'Anglais']","['Ancien Ingénieur DevOps', 'Stagiaire Ingénieur DevOps']",7,7
441,Robert,Paul,45,candidat,48.534105886427824,2.311676888113349,441,Ingénieur DevOps,Profil orienté tech. Je suis Ingénieur DevOps passionné(e) par la data et le code.,7,['Doctorat'],"['AWS', 'Docker', 'Linux']","[""Esprit d'équipe"", 'Autonomie']","['Français', 'Anglais']","['Ancien Ingénieur DevOps', 'Stagiaire Ingénieur DevOps']",1,10
442,Petit,Emma,49,candidat,49.27656480044267,2.7430807727801887,442,Expert Cybersécurité,Profil orienté tech. Je suis Expert Cybersécurité passionné(e) par la data et le code.,4,['Bac+2 Informatique'],"['Kubernetes', 'AWS', 'Git']","['Leadership', 'Gestion du stress']","['Français', 'Anglais']","['Ancien Expert Cybersécurité', 'Stagiaire Expert Cybersécurité']",1,13
443,Robert,Emma,22,candidat,49.24521946000133,1.8885357281361907,443,Développeur Fullstack,Profil orienté tech. Je suis Développeur Fullstack passionné(e) par la data et le code.,6,"[""Diplôme d'Ingénieur""]","['Python', 'Java', 'React']","['Autonomie', 'Communication']","['Français', 'Anglais']","['Ancien Développeur Fullstack', 'Stagiaire Développeur Fullstack']",1,6
444,Dubois,Jean,20,candidat,48.8231007106614,2.709581137418651,444,Développeur Fullstack,Profil orienté tech. Je suis Développeur Fullstack passionné(e) par la data et le code.,7,"[""Diplôme d'Ingénieur""]","['Java', 'Docker', 'Linux']","['Leadership', ""Esprit d'équipe""]","['Français', 'Anglais']","['Ancien Développeur Fullstack', 'Stagiaire Développeur Fullstack']",5,7
445,Petit,Pierre,41,candidat,49.349425374833764,2.7339470310059433,445,Chef de Projet IT,Profil orienté tech. Je suis Chef de Projet IT passionné(e) par la data et le code.,11,['Licence Pro'],"['Python', 'Machine Learning', 'AWS']","[""Esprit d'équipe"", 'Gestion du stress']","['Français', 'Anglais']","['Ancien Chef de Projet IT', 'Stagiaire Chef de Projet IT']",6,5
446,Thomas,Emma,46,candidat,49.3402684000324,2.5968837658478563,446,Administrateur Réseaux,Profil orienté tech. Je suis Administrateur Réseaux passionné(e) par la data et le code.,13,['Licence Pro'],"['SQL', 'Scikit-Learn', 'Linux']","['Leadership', 'Adaptabilité']","['Français', 'Anglais']","['Ancien Administrateur Réseaux', 'Stagiaire Administrateur Réseaux']",4,19
447,Petit,Jean,33,candidat,48.409478136565724,2.2445746051755036,447,Développeur Fullstack,Profil orienté tech. Je suis Développeur Fullstack passionné(e) par la data et le code.,4,['Licence Pro'],"['Git', 'Docker', 'Kubernetes']","['Leadership', 'Gestion du stress']","['Français', 'Anglais']","['Ancien Développeur Fullstack', 'Stagiaire Développeur Fullstack']",1,10
448,Richard,Marie,29,candidat,48.54174805001141,1.9397211603514175,448,Chef de Projet IT,Profil orienté tech. Je suis Chef de Projet IT passionné(e) par la data et le code.,4,"[""Diplôme d'Ingénieur""]","['Machine Learning', 'SQL', 'Pandas']","[""Esprit d'équipe"", 'Gestion du stress']","['Français', 'Anglais']","['Ancien Chef de Projet IT', 'Stagiaire Chef de Projet IT']",7,4
449,Thomas,Jean,39,candidat,48.57559136124996,2.559413445515747,449,Ingénieur DevOps,Profil orienté tech. Je suis Ingénieur DevOps passionné(e) par la data et le code.,1,['Licence Pro'],"['React', 'Python', 'Scikit-Learn']","['Rigueur', 'Gestion du stress']","['Français', 'Anglais']","['Ancien Ingénieur DevOps', 'Stagiaire Ingénieur DevOps']",6,6
450,Thomas,Nicolas,33,candidat,48.7004088476856,2.4799749989449484,450,Ingénieur DevOps,Profil orienté tech. Je suis Ingénieur DevOps passionné(e) par la data et le code.,2,['Doctorat'],"['Linux', 'Python', 'Docker']","['Gestion du stress', 'Rigueur']","['Français', 'Anglais']","['Ancien Ingénieur DevOps', 'Stagiaire Ingénieur DevOps']",5,14
451,Robert,Marie,39,candidat,48.99040494035748,2.6295381478491695,451,Designer UX/UI,Profil orienté tech. Je suis Designer UX/UI passionné(e) par la data et le code.,7,['Doctorat'],"['Git', 'Pandas', 'Python']","['Communication', 'Rigueur']","['Français', 'Anglais']","['Ancien Designer UX/UI', 'Stagiaire Designer UX/UI']",3,14
452,Durand,Marie,55,candidat,49.05612253944931,2.02730439687133,452,Développeur Fullstack,Profil orienté tech. Je suis Développeur Fullstack passionné(e) par la data et le code.,7,['Bac+2 Informatique'],"['Java', 'AWS', 'React']","['Adaptabilité', 'Autonomie']","['Français', 'Anglais']","['Ancien Développeur Fullstack', 'Stagiaire Développeur Fullstack']",9,14
453,Moreau,Marie,52,candidat,49.056773135735135,2.434612213418378,453,Expert Cybersécurité,Profil orienté tech. Je suis Expert Cybersécurité passionné(e) par la data et le code.,1,['Master IA'],"['Docker', 'Java', 'React']","[""Esprit d'équipe"", 'Adaptabilité']","['Français', 'Anglais']","['Ancien Expert Cybersécurité', 'Stagiaire Expert Cybersécurité']",8,9
454,Thomas,Jean,27,candidat,48.89013770815817,2.315104075877761,454,Ingénieur DevOps,Profil orienté tech. Je suis Ingénieur DevOps passionné(e) par la data et le code.,9,['Master IA'],"['Scikit-Learn', 'SQL', 'Pandas']","['Communication', 'Adaptabilité']","['Français', 'Anglais']","['Ancien Ingénieur DevOps', 'Stagiaire Ingénieur DevOps']",8,2
455,Richard,Paul,23,candidat,48.468068914640796,2.181787036930191,455,Ingénieur DevOps,Profil orienté tech. Je suis Ingénieur DevOps passionné(e) par la data et le code.,2,['Master IA'],"['Pandas', 'React', 'SQL']","[""Esprit d'équipe"", 'Autonomie']","['Français', 'Anglais']","['Ancien Ingénieur DevOps', 'Stagiaire Ingénieur DevOps']",3,19
456,Dubois,Camille,56,candidat,49.273407114903286,2.617918973033727,456,Développeur Fullstack,Profil orienté tech. Je suis Développeur Fullstack passionné(e) par la data et le code.,1,['Licence Pro'],"['SQL', 'Docker', 'Machine Learning']","['Autonomie', 'Communication']","['Français', 'Anglais']","['Ancien Développeur Fullstack', 'Stagiaire Développeur Fullstack']",2,19
457,Dubois,Camille,20,candidat,48.887894561722355,2.61751583287098,457,Développeur Fullstack,Profil orienté tech. Je suis Développeur Fullstack passionné(e) par la data et le code.,14,['Bac+2 Informatique'],"['Linux', 'SQL', 'Git']","['Rigueur', 'Gestion du stress']","['Français', 'Anglais']","['Ancien Développeur Fullstack', 'Stagiaire Développeur Fullstack']",7,4
458,Robert,Sophie,48,candidat,48.939620622151445,2.252953218978406,458,Développeur Fullstack,Profil orienté tech. Je suis Développeur Fullstack passionné(e) par la data et le code.,0,['Doctorat'],"['Linux', 'SQL', 'Scikit-Learn']","['Gestion du stress', 'Communication']","['Français', 'Anglais']","['Ancien Développeur Fullstack', 'Stagiaire Développeur Fullstack']",5,9
459,Dubois,Sophie,36,candidat,49.12956338145074,2.6597991557975194,459,Chef de Projet IT,Profil orienté tech. Je suis Chef de Projet IT passionné(e) par la data et le code.,3,['Doctorat'],"['Git', 'Scikit-Learn', 'SQL']","['Autonomie', 'Adaptabilité']","['Français', 'Anglais']","['Ancien Chef de Projet IT', 'Stagiaire Chef de Projet IT']",3,17
460,Durand,Nicolas,26,candidat,48.483962515208155,2.4762488768150464,460,Expert Cybersécurité,Profil orienté tech. Je suis Expert Cybersécurité passionné(e) par la data et le code.,2,['Bac+2 Informatique'],"['React', 'Git', 'Pandas']","['Adaptabilité', 'Rigueur']","['Français', 'Anglais']","['Ancien Expert Cybersécurité', 'Stagiaire Expert Cybersécurité']",4,0
461,Robert,Julie,30,candidat,48.59511533331812,2.3367620471407067,461,Data Scientist,Profil orienté tech. Je suis Data Scientist passionné(e) par la data et le code.,7,['Doctorat'],"['AWS', 'Git', 'Scikit-Learn']","['Rigueur', ""Esprit d'équipe""]","['Français', 'Anglais']","['Ancien Data Scientist', 'Stagiaire Data Scientist']",1,19
462,Bernard,Jean,34,candidat,48.81354706326944,2.2252272276239844,462,Chef de Projet IT,Profil orienté tech. Je suis Chef de Projet IT passionné(e) par la data et le code.,14,['Bac+2 Informatique'],"['Kubernetes', 'Pandas', 'Docker']","['Communication', 'Rigueur']","['Français', 'Anglais']","['Ancien Chef de Projet IT', 'Stagiaire Chef de Projet IT']",3,5
463,Robert,Julie,25,candidat,48.600253557048916,2.618912626454489,463,Designer UX/UI,Profil orienté tech. Je suis Designer UX/UI passionné(e) par la data et le code.,6,['Bac+2 Informatique'],"['Kubernetes', 'SQL', 'Machine Learning']","['Adaptabilité', 'Communication']","['Français', 'Anglais']","['Ancien Designer UX/UI', 'Stagiaire Designer UX/UI']",1,16
464,Laurent,Marie,48,candidat,48.7565719182675,1.906818115590118,464,Expert Cybersécurité,Profil orienté tech. Je suis Expert Cybersécurité passionné(e) par la data et le code.,10,['Licence Pro'],"['Pandas', 'Java', 'Python']","['Autonomie', 'Gestion du stress']","['Français', 'Anglais']","['Ancien Expert Cybersécurité', 'Stagiaire Expert Cybersécurité']",5,7
465,Laurent,Pierre,45,candidat,49.089012267561735,2.650915695635142,465,Data Scientist,Profil orienté tech. Je suis Data Scientist passionné(e) par la data et le code.,13,"[""Diplôme d'Ingénieur""]","['Git', 'Scikit-Learn', 'Java']","[""Esprit d'équipe"", 'Autonomie']","['Français', 'Anglais']","['Ancien Data Scientist', 'Stagiaire Data Scientist']",2,16
466,Laurent,Marie,59,candidat,48.87748385380453,2.6242086534861033,466,Ingénieur DevOps,Profil orienté tech. Je suis Ingénieur DevOps passionné(e) par la data et le code.,13,['Bac+2 Informatique'],"['Kubernetes', 'Pandas', 'Git']","['Leadership', 'Autonomie']","['Français', 'Anglais']","['Ancien Ingénieur DevOps', 'Stagiaire Ingénieur DevOps']",0,2
467,Robert,Paul,50,candidat,48.71354882821772,2.343732402869719,467,Data Scientist,Profil orienté tech. Je suis Data Scientist passionné(e) par la data et le code.,1,['Master IA'],"['Git', 'SQL', 'React']","['Adaptabilité', ""Esprit d'équipe""]","['Français', 'Anglais']","['Ancien Data Scientist', 'Stagiaire Data Scientist']",2,12
468,Thomas,Sophie,25,candidat,48.5544409884496,2.265648873211765,468,Développeur Fullstack,Profil orienté tech. Je suis Développeur Fullstack passionné(e) par la data et le code.,5,['Doctorat'],"['Scikit-Learn', 'Machine Learning', 'SQL']","['Leadership', 'Adaptabilité']","['Français', 'Anglais']","['Ancien Développeur Fullstack', 'Stagiaire Développeur Fullstack']",9,2
469,Laurent,Camille,39,candidat,49.3262070914098,2.523924116598239,469,Ingénieur DevOps,Profil orienté tech. Je suis Ingénieur DevOps passionné(e) par la data et le code.,5,['Doctorat'],"['Java', 'Git', 'Scikit-Learn']","['Autonomie', 'Leadership']","['Français', 'Anglais']","['Ancien Ingénieur DevOps', 'Stagiaire Ingénieur DevOps']",1,5
470,Thomas,Nicolas,53,candidat,49.25514310630512,2.6446165746908825,470,Ingénieur DevOps,Profil orienté tech. Je suis Ingénieur DevOps passionné(e) par la data et le code.,12,['Bac+2 Informatique'],"['React', 'Java', 'Kubernetes']","['Rigueur', 'Gestion du stress']","['Français', 'Anglais']","['Ancien Ingénieur DevOps', 'Stagiaire Ingénieur DevOps']",9,13
471,Martin,Pierre,36,candidat,49.02580167918131,2.5519218277690587,471,Designer UX/UI,Profil orienté tech. Je suis Designer UX/UI passionné(e) par la data et le code.,14,['Doctorat'],"['Python', 'Kubernetes', 'React']","['Autonomie', 'Rigueur']","['Français', 'Anglais']","['Ancien Designer UX/UI', 'Stagiaire Designer UX/UI']",1,6
472,Dubois,Marie,41,candidat,49.24012275666499,2.814367181928386,472,Designer UX/UI,Profil orienté tech. Je suis Designer UX/UI passionné(e) par la data et le code.,9,['Doctorat'],"['Kubernetes', 'Scikit-Learn', 'Docker']","['Gestion du stress', ""Esprit d'équipe""]","['Français', 'Anglais']","['Ancien Designer UX/UI', 'Stagiaire Designer UX/UI']",0,8
473,Dubois,Paul,23,candidat,49.01388500809297,2.4507657036244987,473,Designer UX/UI,Profil orienté tech. Je suis Designer UX/UI passionné(e) par la data et le code.,6,['Bac+2 Informatique'],"['Kubernetes', 'AWS', 'React']","['Autonomie', ""Esprit d'équipe""]","['Français', 'Anglais']","['Ancien Designer UX/UI', 'Stagiaire Designer UX/UI']",8,16
474,Martin,Paul,59,candidat,49.076980257231156,2.104612498725534,474,Administrateur Réseaux,Profil orienté tech. Je suis Administrateur Réseaux passionné(e) par la data et le code.,9,['Bac+2 Informatique'],"['Git', 'AWS', 'Docker']","[""Esprit d'équipe"", 'Communication']","['Français', 'Anglais']","['Ancien Administrateur Réseaux', 'Stagiaire Administrateur Réseaux']",9,5
475,Durand,Sophie,53,candidat,48.51837312076227,1.9173973646617435,475,Ingénieur DevOps,Profil orienté tech. Je suis Ingénieur DevOps passionné(e) par la data et le code.,6,['Doctorat'],"['Scikit-Learn', 'Java', 'Pandas']","['Adaptabilité', ""Esprit d'équipe""]","['Français', 'Anglais']","['Ancien Ingénieur DevOps', 'Stagiaire Ingénieur DevOps']",6,7
476,Bernard,Julie,34,candidat,49.13770589112942,2.3006685139256904,476,Administrateur Réseaux,Profil orienté tech. Je suis Administrateur Réseaux passionné(e) par la data et le code.,4,"[""Diplôme d'Ingénieur""]","['SQL', 'Kubernetes', 'AWS']","['Communication', ""Esprit d'équipe""]","['Français', 'Anglais']","['Ancien Administrateur Réseaux', 'Stagiaire Administrateur Réseaux']",0,11
477,Laurent,Marie,23,candidat,48.78456476039914,2.3004419181032567,477,Chef de Projet IT,Profil orienté tech. Je suis Chef de Projet IT passionné(e) par la data et le code.,14,"[""Diplôme d'Ingénieur""]","['Machine Learning', 'Linux', 'Pandas']","['Rigueur', 'Communication']","['Français', 'Anglais']","['Ancien Chef de Projet IT', 'Stagiaire Chef de Projet IT']",2,12
478,Petit,Camille,43,candidat,48.43284578722431,2.0410078417142286,478,Développeur Fullstack,Profil orienté tech. Je suis Développeur Fullstack passionné(e) par la data et le code.,4,['Bac+2 Informatique'],"['React', 'Docker', 'Machine Learning']","['Leadership', 'Communication']","['Français', 'Anglais']","['Ancien Développeur Fullstack', 'Stagiaire Développeur Fullstack']",2,1
479,Petit,Marie,32,candidat,48.98365521927368,2.5173670670328523,479,Développeur Fullstack,Profil orienté tech. Je suis Développeur Fullstack passionné(e) par la data et le code.,11,"[""Diplôme d'Ingénieur""]","['Docker', 'AWS', 'Machine Learning']","['Gestion du stress', 'Rigueur']","['Français', 'Anglais']","['Ancien Développeur Fullstack', 'Stagiaire Développeur Fullstack']",4,12
480,Laurent,Luc,41,candidat,48.86537078001998,1.9611464546070188,480,Développeur Fullstack,Profil orienté tech. Je suis Développeur Fullstack passionné(e) par la data et le code.,7,['Bac+2 Informatique'],"['SQL', 'Python', 'AWS']","['Adaptabilité', 'Leadership']","['Français', 'Anglais']","['Ancien Développeur Fullstack', 'Stagiaire Développeur Fullstack']",9,10
481,Bernard,Luc,40,candidat,49.223897926146144,2.613377624717565,481,Ingénieur DevOps,Profil orienté tech. Je suis Ingénieur DevOps passionné(e) par la data et le code.,5,['Doctorat'],"['Python', 'Kubernetes', 'Java']","['Adaptabilité', 'Leadership']","['Français', 'Anglais']","['Ancien Ingénieur DevOps', 'Stagiaire Ingénieur DevOps']",1,2
482,Martin,Paul,39,candidat,48.59194659353352,2.5321020963391754,482,Administrateur Réseaux,Profil orienté tech. Je suis Administrateur Réseaux passionné(e) par la data et le code.,4,['Licence Pro'],"['Kubernetes', 'Git', 'Scikit-Learn']","['Autonomie', 'Gestion du stress']","['Français', 'Anglais']","['Ancien Administrateur Réseaux', 'Stagiaire Administrateur Réseaux']",1,10
483,Robert,Marie,36,candidat,48.65327308673911,2.4706564352030096,483,Ingénieur DevOps,Profil orienté tech. Je suis Ingénieur DevOps passionné(e) par la data et le code.,7,['Bac+2 Informatique'],"['React', 'Python', 'Java']","[""Esprit d'équipe"", 'Gestion du stress']","['Français', 'Anglais']","['Ancien Ingénieur DevOps', 'Stagiaire Ingénieur DevOps']",4,1
484,Laurent,Paul,30,candidat,48.99240481594154,2.206724371715109,484,Administrateur Réseaux,Profil orienté tech. Je suis Administrateur Réseaux passionné(e) par la data et le code.,2,['Bac+2 Informatique'],"['SQL', 'Git', 'React']","[""Esprit d'équipe"", 'Communication']","['Français', 'Anglais']","['Ancien Administrateur Réseaux', 'Stagiaire Administrateur Réseaux']",5,14
485,Dubois,Emma,22,candidat,49.29357370861002,1.852546809999911,485,Développeur Fullstack,Profil orienté tech. Je suis Développeur Fullstack passionné(e) par la data et le code.,2,['Doctorat'],"['Git', 'Kubernetes', 'Java']","['Communication', 'Adaptabilité']","['Français', 'Anglais']","['Ancien Développeur Fullstack', 'Stagiaire Développeur Fullstack']",0,0
486,Moreau,Luc,38,candidat,48.46102161203465,2.826094294307718,486,Ingénieur DevOps,Profil orienté tech. Je suis Ingénieur DevOps passionné(e) par la data et le code.,10,['Doctorat'],"['Kubernetes', 'Machine Learning', 'Linux']","['Autonomie', 'Gestion du stress']","['Français', 'Anglais']","['Ancien Ingénieur DevOps', 'Stagiaire Ingénieur DevOps']",1,18
487,Thomas,Emma,49,candidat,49.350358834356065,2.639890109198335,487,Expert Cybersécurité,Profil orienté tech. Je suis Expert Cybersécurité passionné(e) par la data et le code.,12,['Master IA'],"['Kubernetes', 'Git', 'React']","['Autonomie', 'Rigueur']","['Français', 'Anglais']","['Ancien Expert Cybersécurité', 'Stagiaire Expert Cybersécurité']",2,14
488,Thomas,Nicolas,47,candidat,49.30130190059492,2.848424374598101,488,Expert Cybersécurité,Profil orienté tech. Je suis Expert Cybersécurité passionné(e) par la data et le code.,13,['Licence Pro'],"['Linux', 'Git', 'Pandas']","['Rigueur', 'Leadership']","['Français', 'Anglais']","['Ancien Expert Cybersécurité', 'Stagiaire Expert Cybersécurité']",7,4
489,Thomas,Jean,37,candidat,48.98556463189287,2.0846692217409393,489,Designer UX/UI,Profil orienté tech. Je suis Designer UX/UI passionné(e) par la data et le code.,14,['Bac+2 Informatique'],"['Linux', 'Git', 'AWS']","['Leadership', ""Esprit d'équipe""]","['Français', 'Anglais']","['Ancien Designer UX/UI', 'Stagiaire Designer UX/UI']",6,5
490,Dubois,Camille,33,candidat,48.611754012549795,2.2049559845347773,490,Administrateur Réseaux,Profil orienté tech. Je suis Administrateur Réseaux passionné(e) par la data et le code.,9,['Bac+2 Informatique'],"['Linux', 'Docker', 'Scikit-Learn']","[""Esprit d'équipe"", 'Rigueur']","['Français', 'Anglais']","['Ancien Administrateur Réseaux', 'Stagiaire Administrateur Réseaux']",5,13
491,Laurent,Jean,30,candidat,48.928374437586186,2.6130539967221953,491,Data Scientist,Profil orienté tech. Je suis Data Scientist passionné(e) par la data et le code.,11,['Doctorat'],"['Python', 'Java', 'SQL']","['Autonomie', 'Adaptabilité']","['Français', 'Anglais']","['Ancien Data Scientist', 'Stagiaire Data Scientist']",3,18
492,Petit,Paul,20,candidat,48.80486668708301,2.1283498603335342,492,Administrateur Réseaux,Profil orienté tech. Je suis Administrateur Réseaux passionné(e) par la data et le code.,13,['Licence Pro'],"['Python', 'Linux', 'React']","['Autonomie', 'Communication']","['Français', 'Anglais']","['Ancien Administrateur Réseaux', 'Stagiaire Administrateur Réseaux']",9,12
493,Robert,Emma,38,candidat,48.78618442003353,2.7069418719543847,493,Développeur Fullstack,Profil orienté tech. Je suis Développeur Fullstack passionné(e) par la data et le code.,3,"[""Diplôme d'Ingénieur""]","['Scikit-Learn', 'Docker', 'Java']","['Autonomie', 'Adaptabilité']","['Français', 'Anglais']","['Ancien Développeur Fullstack', 'Stagiaire Développeur Fullstack']",4,1
494,Petit,Jean,52,candidat,49.27247957425756,2.233348321951811,494,Administrateur Réseaux,Profil orienté tech. Je suis Administrateur Réseaux passionné(e) par la data et le code.,2,['Master IA'],"['Java', 'AWS', 'Machine Learning']","['Autonomie', 'Adaptabilité']","['Français', 'Anglais']","['Ancien Administrateur Réseaux', 'Stagiaire Administrateur Réseaux']",4,4
495,Durand,Camille,32,candidat,48.95998187622337,2.6533562835169207,495,Expert Cybersécurité,Profil orienté tech. Je suis Expert Cybersécurité passionné(e) par la data et le code.,1,['Master IA'],"['Python', 'Kubernetes', 'Linux']","[""Esprit d'équipe"", 'Communication']","['Français', 'Anglais']","['Ancien Expert Cybersécurité', 'Stagiaire Expert Cybersécurité']",3,5
496,Petit,Camille,40,candidat,48.82165678335434,2.1550883728667376,496,Chef de Projet IT,Profil orienté tech. Je suis Chef de Projet IT passionné(e) par la data et le code.,6,['Master IA'],"['Machine Learning', 'Kubernetes', 'Git']","['Communication', 'Leadership']","['Français', 'Anglais']","['Ancien Chef de Projet IT', 'Stagiaire Chef de Projet IT']",8,11
497,Martin,Marie,20,candidat,48.87580782980964,2.249734780444416,497,Développeur Fullstack,Profil orienté tech. Je suis Développeur Fullstack passionné(e) par la data et le code.,6,['Master IA'],"['Git', 'Docker', 'React']","['Communication', 'Gestion du stress']","['Français', 'Anglais']","['Ancien Développeur Fullstack', 'Stagiaire Développeur Fullstack']",9,1
498,Durand,Paul,37,candidat,49.2526275452623,2.4567535459856606,498,Data Scientist,Profil orienté tech. Je suis Data Scientist passionné(e) par la data et le code.,3,"[""Diplôme d'Ingénieur""]","['Java', 'Machine Learning', 'Kubernetes']","[""Esprit d'équipe"", 'Communication']","['Français', 'Anglais']","['Ancien Data Scientist', 'Stagiaire Data Scientist']",2,7
499,Laurent,Paul,35,candidat,48.79920287662611,2.676539753363334,499,Chef de Projet IT,Profil orienté tech. Je suis Chef de Projet IT passionné(e) par la data et le code.,0,['Doctorat'],"['Machine Learning', 'Kubernetes', 'Java']","[""Esprit d'équipe"", 'Gestion du stress']","['Français', 'Anglais']","['Ancien Chef de Projet IT', 'Stagiaire Chef de Projet IT']",0,1
500,Petit,Emma,59,candidat,48.69771805912783,2.0692537370084523,500,Administrateur Réseaux,Profil orienté tech. Je suis Administrateur Réseaux passionné(e) par la data et le code.,9,['Licence Pro'],"['React', 'Python', 'Scikit-Learn']","['Rigueur', 'Leadership']","['Français', 'Anglais']","['Ancien Administrateur Réseaux', 'Stagiaire Administrateur Réseaux']",2,1
501,Bernard,Marie,43,candidat,49.25622324327033,2.701796509474645,501,Administrateur Réseaux,Profil orienté tech. Je suis Administrateur Réseaux passionné(e) par la data et le code.,5,['Master IA'],"['Docker', 'Git', 'React']","['Gestion du stress', ""Esprit d'équipe""]","['Français', 'Anglais']","['Ancien Administrateur Réseaux', 'Stagiaire Administrateur Réseaux']",8,15
502,Robert,Marie,47,candidat,48.45778203075408,2.1008658532901747,502,Ingénieur DevOps,Profil orienté tech. Je suis Ingénieur DevOps passionné(e) par la data et le code.,3,"[""Diplôme d'Ingénieur""]","['Scikit-Learn', 'Kubernetes', 'AWS']","[""Esprit d'équipe"", 'Gestion du stress']","['Français', 'Anglais']","['Ancien Ingénieur DevOps', 'Stagiaire Ingénieur DevOps']",4,3
503,Bernard,Jean,26,candidat,49.05748247863956,2.1322864606411334,503,Data Scientist,Profil orienté tech. Je suis Data Scientist passionné(e) par la data et le code.,5,"[""Diplôme d'Ingénieur""]","['Linux', 'Machine Learning', 'React']","['Communication', 'Gestion du stress']","['Français', 'Anglais']","['Ancien Data Scientist', 'Stagiaire Data Scientist']",4,14
504,Thomas,Jean,34,candidat,48.60884112128467,2.2701837530553046,504,Développeur Fullstack,Profil orienté tech. Je suis Développeur Fullstack passionné(e) par la data et le code.,10,['Doctorat'],"['AWS', 'React', 'Scikit-Learn']","[""Esprit d'équipe"", 'Adaptabilité']","['Français', 'Anglais']","['Ancien Développeur Fullstack', 'Stagiaire Développeur Fullstack']",7,1
505,Martin,Luc,41,candidat,48.89835280946046,2.477937733254986,505,Data Scientist,Profil orienté tech. Je suis Data Scientist passionné(e) par la data et le code.,11,['Bac+2 Informatique'],"['Linux', 'Docker', 'SQL']","['Adaptabilité', ""Esprit d'équipe""]","['Français', 'Anglais']","['Ancien Data Scientist', 'Stagiaire Data Scientist']",0,13
